{
    "version": "0.4",
    "title": "Contact 2",
    "type": "section",
    "metadata": {
        "template_type": "section",
        "elementor_pro_required": false,
        "wp_page_template": "default"
    },
    "content": [
        {
            "id": "64721789",
            "settings": {
                "height": "min-height",
                "custom_height": {
                    "unit": "vh",
                    "size": 56
                },
                "content_position": "middle",
                "background_background": "classic",
                "background_position": "center center",
                "background_size": "cover",
                "gap": "no",
                "background_overlay_color": "#bf1c48",
                "padding": {
                    "unit": "px",
                    "top": "0",
                    "right": "0",
                    "bottom": "0",
                    "left": "0",
                    "isLinked": true
                },
                "custom_height_tablet": {
                    "unit": "px",
                    "size": 499
                },
                "custom_height_mobile": {
                    "unit": "px",
                    "size": 612
                },
                "padding_tablet": {
                    "unit": "px",
                    "top": "0",
                    "right": "25",
                    "bottom": "0",
                    "left": "25",
                    "isLinked": false
                },
                "padding_mobile": {
                    "unit": "px",
                    "top": "05",
                    "right": "25",
                    "bottom": "0",
                    "left": "25",
                    "isLinked": false
                },
                "background_color": "#000000",
                "shape_divider_bottom_width": {
                    "unit": "%",
                    "size": 100
                },
                "shape_divider_bottom_height": {
                    "unit": "px",
                    "size": 38
                },
                "background_attachment": "fixed",
                "background_overlay_background": "classic",
                "background_overlay_opacity": {
                    "unit": "px",
                    "size": 1
                },
                "content_width": {
                    "unit": "px",
                    "size": 874
                },
                "background_video_link": "https:\/\/www.youtube.com\/watch?v=r6A_27h-pFA",
                "background_video_start": 18,
                "background_video_end": 40,
                "background_video_fallback": {
                    "url": "https:\/\/wp.envatoextensions.com\/collection-11\/wp-content\/uploads\/sites\/14\/2018\/07\/chanan-greenblatt-50120-unsplash.jpg",
                    "id": 314
                },
                "overlay_blend_mode": "multiply",
                "shape_divider_bottom_color": "#efbb10",
                "shape_divider_bottom_negative": "yes",
                "background_image": {
                    "url": "https:\/\/wp.envatoextensions.com\/collection-11\/wp-content\/uploads\/sites\/14\/2018\/08\/antoine-barres-198891-unsplash.jpg",
                    "id": 604
                }
            },
            "elements": [
                {
                    "id": "16faefd9",
                    "settings": {
                        "_column_size": 100,
                        "_inline_size": null,
                        "padding": {
                            "unit": "%",
                            "top": "",
                            "right": "",
                            "bottom": "",
                            "left": "",
                            "isLinked": true
                        },
                        "padding_mobile": {
                            "unit": "px",
                            "top": "25",
                            "right": "0",
                            "bottom": "0",
                            "left": "0",
                            "isLinked": false
                        },
                        "space_between_widgets": 20,
                        "animation": "fadeInUp",
                        "animation_duration": "slow"
                    },
                    "elements": [
                        {
                            "id": "7d14f0bd",
                            "settings": {
                                "title": "Here's our digits",
                                "header_size": "p",
                                "align": "center",
                                "title_color": "#e7e7e7",
                                "typography_typography": "custom",
                                "typography_font_family": "Rubik",
                                "typography_font_size": {
                                    "unit": "px",
                                    "size": 18
                                },
                                "typography_font_weight": "500",
                                "typography_text_transform": "uppercase",
                                "typography_letter_spacing": {
                                    "unit": "px",
                                    "size": 1.2
                                },
                                "_z_index": 1,
                                "_animation": "fadeInUp",
                                "_animation_delay": 750,
                                "align_mobile": "center",
                                "_margin": {
                                    "unit": "px",
                                    "top": "0",
                                    "right": "0",
                                    "bottom": "-17",
                                    "left": "0",
                                    "isLinked": false
                                }
                            },
                            "elements": [],
                            "isInner": false,
                            "widgetType": "heading",
                            "elType": "widget"
                        },
                        {
                            "id": "1d820e6e",
                            "settings": {
                                "title": "Let\u2019s chat!",
                                "align": "center",
                                "title_color": "#efbb10",
                                "typography_typography": "custom",
                                "typography_font_size": {
                                    "unit": "px",
                                    "size": 176
                                },
                                "typography_font_weight": "400",
                                "align_mobile": "center",
                                "typography_font_size_tablet": {
                                    "unit": "px",
                                    "size": 127
                                },
                                "typography_font_size_mobile": {
                                    "unit": "px",
                                    "size": 111
                                },
                                "typography_line_height_tablet": {
                                    "unit": "em",
                                    "size": ""
                                },
                                "typography_font_family": "Leckerli One",
                                "typography_line_height": {
                                    "unit": "em",
                                    "size": 0.90000000000000002
                                },
                                "text_shadow_text_shadow_type": "yes",
                                "text_shadow_text_shadow": {
                                    "horizontal": 0,
                                    "vertical": 6,
                                    "blur": 0,
                                    "color": "#0e1622"
                                },
                                "_animation": "fadeInUp",
                                "_animation_delay": 700,
                                "_margin_tablet": {
                                    "unit": "px",
                                    "top": "10",
                                    "right": "0",
                                    "bottom": "0",
                                    "left": "-14",
                                    "isLinked": false
                                },
                                "_margin_mobile": {
                                    "unit": "px",
                                    "top": "50",
                                    "right": "0",
                                    "bottom": "0",
                                    "left": "0",
                                    "isLinked": false
                                },
                                "typography_line_height_mobile": {
                                    "unit": "em",
                                    "size": 0.80000000000000004
                                },
                                "typography_letter_spacing": {
                                    "unit": "px",
                                    "size": -5
                                },
                                "typography_text_transform": "capitalize"
                            },
                            "elements": [],
                            "isInner": false,
                            "widgetType": "heading",
                            "elType": "widget"
                        },
                        {
                            "id": "3159911d",
                            "settings": {
                                "title": "We're super friendly :)",
                                "header_size": "p",
                                "align": "center",
                                "title_color": "#e7e7e7",
                                "typography_typography": "custom",
                                "typography_font_family": "Rubik",
                                "typography_font_size": {
                                    "unit": "px",
                                    "size": 25
                                },
                                "typography_font_weight": "500",
                                "typography_text_transform": "uppercase",
                                "typography_letter_spacing": {
                                    "unit": "px",
                                    "size": 1.2
                                },
                                "_z_index": 1,
                                "_animation": "fadeInUp",
                                "_animation_delay": 750,
                                "align_mobile": "center",
                                "typography_font_size_mobile": {
                                    "unit": "px",
                                    "size": 15
                                },
                                "_margin": {
                                    "unit": "px",
                                    "top": "30",
                                    "right": "0",
                                    "bottom": "0",
                                    "left": "0",
                                    "isLinked": false
                                }
                            },
                            "elements": [],
                            "isInner": false,
                            "widgetType": "heading",
                            "elType": "widget"
                        }
                    ],
                    "isInner": false,
                    "elType": "column"
                }
            ],
            "isInner": false,
            "elType": "section"
        },
        {
            "id": "4b497678",
            "settings": {
                "content_width": {
                    "unit": "px",
                    "size": 1080
                },
                "background_background": "classic",
                "background_color": "#efbb10",
                "margin": {
                    "unit": "px",
                    "top": "0",
                    "right": 0,
                    "bottom": "0",
                    "left": 0,
                    "isLinked": false
                },
                "padding": {
                    "unit": "px",
                    "top": "20",
                    "right": "40",
                    "bottom": "80",
                    "left": "40",
                    "isLinked": false
                },
                "padding_mobile": {
                    "unit": "px",
                    "top": "20",
                    "right": "10",
                    "bottom": "40",
                    "left": "10",
                    "isLinked": false
                },
                "background_image": {
                    "url": "https:\/\/wp.envatoextensions.com\/collection-11\/wp-content\/uploads\/sites\/14\/2018\/06\/trianglify-yellow-orange.jpg",
                    "id": 174
                },
                "background_position": "bottom right",
                "background_attachment": "fixed",
                "background_size": "cover",
                "background_overlay_background": "classic",
                "background_overlay_color": "#efbb10",
                "background_overlay_color_stop": {
                    "unit": "%",
                    "size": 35
                },
                "background_overlay_color_b": "rgba(239,187,16,0)",
                "background_overlay_opacity": {
                    "unit": "px",
                    "size": 1
                },
                "overlay_blend_mode": "overlay"
            },
            "elements": [
                {
                    "id": "744a0272",
                    "settings": {
                        "_column_size": 100,
                        "_inline_size": null,
                        "_inline_size_tablet": 100,
                        "margin": {
                            "unit": "px",
                            "top": "-100",
                            "right": "0",
                            "bottom": "0",
                            "left": "0",
                            "isLinked": false
                        }
                    },
                    "elements": [
                        {
                            "id": "665c8252",
                            "settings": {
                                "icon": "fa fa-volume-control-phone",
                                "view": "stacked",
                                "title_text": "Phone",
                                "description_text": "1300 000 000",
                                "title_size": "h2",
                                "icon_space": {
                                    "unit": "px",
                                    "size": 27
                                },
                                "icon_size": {
                                    "unit": "px",
                                    "size": 60
                                },
                                "title_bottom_space": {
                                    "unit": "px",
                                    "size": 0
                                },
                                "title_typography_typography": "custom",
                                "title_typography_font_family": "Rubik Mono One",
                                "title_typography_font_size": {
                                    "unit": "px",
                                    "size": 25
                                },
                                "title_typography_font_weight": "400",
                                "title_typography_line_height": {
                                    "unit": "em",
                                    "size": 0.90000000000000002
                                },
                                "description_typography_typography": "custom",
                                "description_typography_line_height": {
                                    "unit": "em",
                                    "size": 1
                                },
                                "_animation": "fadeInUp",
                                "description_color": "#1d3e62",
                                "description_typography_font_family": "Rubik",
                                "description_typography_font_size": {
                                    "unit": "px",
                                    "size": 90
                                },
                                "description_typography_font_size_tablet": {
                                    "unit": "px",
                                    "size": 74
                                },
                                "description_typography_font_weight": "800",
                                "description_typography_text_transform": "uppercase",
                                "description_typography_letter_spacing": {
                                    "unit": "px",
                                    "size": -2
                                },
                                "primary_color": "#1d3e62",
                                "secondary_color": "#efbb10",
                                "title_bottom_space_mobile": {
                                    "unit": "px",
                                    "size": 10
                                },
                                "title_color": "#ffffff",
                                "description_typography_font_size_mobile": {
                                    "unit": "px",
                                    "size": 41
                                },
                                "selected_icon": {
                                    "value": "fas fa-phone-volume",
                                    "library": "fa-solid"
                                }
                            },
                            "elements": [],
                            "isInner": false,
                            "widgetType": "icon-box",
                            "elType": "widget"
                        },
                        {
                            "id": "292fe2b1",
                            "settings": {
                                "icon": "fa fa-ellipsis-v",
                                "primary_color": "#ffffff"
                            },
                            "elements": [],
                            "isInner": false,
                            "widgetType": "icon",
                            "elType": "widget"
                        },
                        {
                            "id": "256937c9",
                            "settings": {
                                "icon": "fa fa-paper-plane-o",
                                "view": "stacked",
                                "title_text": "Email",
                                "description_text": "Members@website.com",
                                "title_size": "h2",
                                "icon_space": {
                                    "unit": "px",
                                    "size": 27
                                },
                                "icon_size": {
                                    "unit": "px",
                                    "size": 60
                                },
                                "title_bottom_space": {
                                    "unit": "px",
                                    "size": 0
                                },
                                "title_typography_typography": "custom",
                                "title_typography_font_family": "Rubik Mono One",
                                "title_typography_font_size": {
                                    "unit": "px",
                                    "size": 25
                                },
                                "title_typography_font_weight": "400",
                                "title_typography_line_height": {
                                    "unit": "em",
                                    "size": 0.90000000000000002
                                },
                                "description_typography_typography": "custom",
                                "description_typography_line_height": {
                                    "unit": "em",
                                    "size": 1
                                },
                                "_animation": "fadeInUp",
                                "link": {
                                    "url": "#",
                                    "is_external": "",
                                    "nofollow": ""
                                },
                                "description_color": "#1d3e62",
                                "description_typography_font_family": "Rubik",
                                "description_typography_font_size": {
                                    "unit": "px",
                                    "size": 80
                                },
                                "description_typography_font_size_mobile": {
                                    "unit": "px",
                                    "size": 24
                                },
                                "description_typography_font_weight": "800",
                                "description_typography_text_transform": "uppercase",
                                "description_typography_letter_spacing": {
                                    "unit": "px",
                                    "size": -2
                                },
                                "primary_color": "#1d3e62",
                                "secondary_color": "#efbb10",
                                "title_bottom_space_mobile": {
                                    "unit": "px",
                                    "size": 10
                                },
                                "title_color": "#ffffff",
                                "description_typography_font_size_tablet": {
                                    "unit": "px",
                                    "size": 50
                                },
                                "selected_icon": {
                                    "value": "far fa-paper-plane",
                                    "library": "fa-regular"
                                }
                            },
                            "elements": [],
                            "isInner": false,
                            "widgetType": "icon-box",
                            "elType": "widget"
                        },
                        {
                            "id": "609b1312",
                            "settings": {
                                "icon": "fa fa-ellipsis-v",
                                "primary_color": "#ffffff"
                            },
                            "elements": [],
                            "isInner": false,
                            "widgetType": "icon",
                            "elType": "widget"
                        },
                        {
                            "id": "270f7b7",
                            "settings": {
                                "structure": "20"
                            },
                            "elements": [
                                {
                                    "id": "1174898b",
                                    "settings": {
                                        "_column_size": 50,
                                        "_inline_size": 39.151000000000003,
                                        "_inline_size_tablet": 100
                                    },
                                    "elements": [
                                        {
                                            "id": "457de718",
                                            "settings": {
                                                "address": "121 King Street, Melbourne VIC 3000",
                                                "zoom": {
                                                    "unit": "px",
                                                    "size": 17
                                                },
                                                "height": {
                                                    "unit": "px",
                                                    "size": 300
                                                },
                                                "_padding": {
                                                    "unit": "px",
                                                    "top": "0",
                                                    "right": "0",
                                                    "bottom": "0",
                                                    "left": "0",
                                                    "isLinked": false
                                                },
                                                "_padding_tablet": {
                                                    "unit": "px",
                                                    "top": "0",
                                                    "right": "0",
                                                    "bottom": "0",
                                                    "left": "0",
                                                    "isLinked": false
                                                },
                                                "_margin": {
                                                    "unit": "px",
                                                    "top": "0",
                                                    "right": "0",
                                                    "bottom": "0",
                                                    "left": "0",
                                                    "isLinked": false
                                                },
                                                "_box_shadow_box_shadow": {
                                                    "horizontal": 0,
                                                    "vertical": 3,
                                                    "blur": 91,
                                                    "spread": 0,
                                                    "color": "rgba(0,0,0,0.15)"
                                                },
                                                "_border_color": "#ffffff",
                                                "_border_radius": {
                                                    "unit": "%",
                                                    "top": "",
                                                    "right": "",
                                                    "bottom": "",
                                                    "left": "",
                                                    "isLinked": true
                                                },
                                                "height_tablet": {
                                                    "unit": "px",
                                                    "size": 248
                                                },
                                                "css_filters_brightness": {
                                                    "unit": "px",
                                                    "size": 85
                                                },
                                                "css_filters_contrast": {
                                                    "unit": "px",
                                                    "size": 93
                                                },
                                                "css_filters_saturate": {
                                                    "unit": "px",
                                                    "size": 0
                                                }
                                            },
                                            "elements": [],
                                            "isInner": false,
                                            "widgetType": "google_maps",
                                            "elType": "widget"
                                        }
                                    ],
                                    "isInner": true,
                                    "elType": "column"
                                },
                                {
                                    "id": "405e64b",
                                    "settings": {
                                        "_column_size": 50,
                                        "_inline_size": 60.848999999999997,
                                        "_inline_size_tablet": 100
                                    },
                                    "elements": [
                                        {
                                            "id": "13f77f69",
                                            "settings": {
                                                "icon": "fa fa-map-marker",
                                                "view": "stacked",
                                                "title_text": "Address",
                                                "description_text": "121 King Street, Melbourne",
                                                "position": "left",
                                                "title_size": "h2",
                                                "icon_space": {
                                                    "unit": "px",
                                                    "size": 27
                                                },
                                                "icon_size": {
                                                    "unit": "px",
                                                    "size": 60
                                                },
                                                "title_bottom_space": {
                                                    "unit": "px",
                                                    "size": 10
                                                },
                                                "title_typography_typography": "custom",
                                                "title_typography_font_family": "Rubik Mono One",
                                                "title_typography_font_size": {
                                                    "unit": "px",
                                                    "size": 25
                                                },
                                                "title_typography_font_weight": "400",
                                                "title_typography_line_height": {
                                                    "unit": "em",
                                                    "size": 0.90000000000000002
                                                },
                                                "description_typography_typography": "custom",
                                                "description_typography_line_height": {
                                                    "unit": "em",
                                                    "size": 1
                                                },
                                                "_animation": "fadeInUp",
                                                "link": {
                                                    "url": "#",
                                                    "is_external": "",
                                                    "nofollow": ""
                                                },
                                                "description_color": "#1d3e62",
                                                "description_typography_font_family": "Rubik",
                                                "description_typography_font_size": {
                                                    "unit": "px",
                                                    "size": 60
                                                },
                                                "description_typography_font_size_mobile": {
                                                    "unit": "px",
                                                    "size": 37
                                                },
                                                "description_typography_font_weight": "800",
                                                "description_typography_text_transform": "uppercase",
                                                "description_typography_letter_spacing": {
                                                    "unit": "px",
                                                    "size": -2
                                                },
                                                "_margin": {
                                                    "unit": "px",
                                                    "top": "70",
                                                    "right": "0",
                                                    "bottom": "0",
                                                    "left": "-71",
                                                    "isLinked": false
                                                },
                                                "_margin_mobile": {
                                                    "unit": "px",
                                                    "top": "-60",
                                                    "right": "0",
                                                    "bottom": "0",
                                                    "left": "0",
                                                    "isLinked": false
                                                },
                                                "_padding_mobile": {
                                                    "unit": "px",
                                                    "top": "0",
                                                    "right": "0",
                                                    "bottom": "0",
                                                    "left": "0",
                                                    "isLinked": true
                                                },
                                                "primary_color": "#1d3e62",
                                                "secondary_color": "#efbb10",
                                                "title_color": "#ffffff",
                                                "description_typography_font_size_tablet": {
                                                    "unit": "px",
                                                    "size": 54
                                                },
                                                "_margin_tablet": {
                                                    "unit": "px",
                                                    "top": "20",
                                                    "right": "20",
                                                    "bottom": "20",
                                                    "left": "20",
                                                    "isLinked": true
                                                },
                                                "selected_icon": {
                                                    "value": "fas fa-map-marker-alt",
                                                    "library": "fa-solid"
                                                }
                                            },
                                            "elements": [],
                                            "isInner": false,
                                            "widgetType": "icon-box",
                                            "elType": "widget"
                                        }
                                    ],
                                    "isInner": true,
                                    "elType": "column"
                                }
                            ],
                            "isInner": true,
                            "elType": "section"
                        },
                        {
                            "id": "5e926d4a",
                            "settings": {
                                "icon": "fa fa-ellipsis-v",
                                "primary_color": "#ffffff"
                            },
                            "elements": [],
                            "isInner": false,
                            "widgetType": "icon",
                            "elType": "widget"
                        },
                        {
                            "id": "18fbe7e7",
                            "settings": {
                                "title": "Social",
                                "align": "center",
                                "align_tablet": "left",
                                "align_mobile": "center",
                                "title_color": "#ffffff",
                                "typography_typography": "custom",
                                "typography_font_family": "Rubik Mono One",
                                "typography_font_size": {
                                    "unit": "px",
                                    "size": 25
                                },
                                "typography_font_weight": "400",
                                "typography_text_transform": "uppercase",
                                "_margin": {
                                    "unit": "px",
                                    "top": "0",
                                    "right": "0",
                                    "bottom": "20",
                                    "left": "0",
                                    "isLinked": false
                                },
                                "_margin_mobile": {
                                    "unit": "px",
                                    "top": "0",
                                    "right": "0",
                                    "bottom": "0",
                                    "left": "0",
                                    "isLinked": true
                                }
                            },
                            "elements": [],
                            "isInner": false,
                            "widgetType": "heading",
                            "elType": "widget"
                        },
                        {
                            "id": "3c2b80d",
                            "settings": {
                                "social_icon_list": [
                                    {
                                        "social": "fa fa-facebook",
                                        "_id": "9c86cde",
                                        "link": {
                                            "url": "",
                                            "is_external": "true",
                                            "nofollow": ""
                                        }
                                    },
                                    {
                                        "social": "fa fa-twitter",
                                        "_id": "7f0e5c7",
                                        "link": {
                                            "url": "",
                                            "is_external": "true",
                                            "nofollow": ""
                                        }
                                    },
                                    {
                                        "social": "fa fa-google-plus",
                                        "_id": "7e1d56b",
                                        "link": {
                                            "url": "",
                                            "is_external": "true",
                                            "nofollow": ""
                                        }
                                    },
                                    {
                                        "social": "fa fa-instagram",
                                        "link": {
                                            "url": "",
                                            "is_external": "true",
                                            "nofollow": ""
                                        },
                                        "_id": "7b9d1bc"
                                    },
                                    {
                                        "social": "fa fa-youtube",
                                        "link": {
                                            "url": "",
                                            "is_external": "true",
                                            "nofollow": ""
                                        },
                                        "_id": "1cfae18"
                                    },
                                    {
                                        "social": "fa fa-pinterest",
                                        "link": {
                                            "url": "",
                                            "is_external": "true",
                                            "nofollow": ""
                                        },
                                        "_id": "6b9a598"
                                    }
                                ],
                                "icon_color": "custom",
                                "icon_primary_color": "#1d3e62",
                                "icon_secondary_color": "#efbb10",
                                "icon_size": {
                                    "unit": "px",
                                    "size": 47
                                },
                                "icon_spacing": {
                                    "unit": "px",
                                    "size": 58
                                },
                                "hover_secondary_color": "#ffffff",
                                "hover_animation": "grow",
                                "icon_spacing_mobile": {
                                    "unit": "px",
                                    "size": 32
                                },
                                "_padding_mobile": {
                                    "unit": "px",
                                    "top": "15",
                                    "right": "0",
                                    "bottom": "0",
                                    "left": "0",
                                    "isLinked": false
                                },
                                "shape": "circle",
                                "align_mobile": "right",
                                "icon_size_mobile": {
                                    "unit": "px",
                                    "size": 33
                                },
                                "icon_spacing_tablet": {
                                    "unit": "px",
                                    "size": 18
                                },
                                "icon_size_tablet": {
                                    "unit": "px",
                                    "size": 45
                                }
                            },
                            "elements": [],
                            "isInner": false,
                            "widgetType": "social-icons",
                            "elType": "widget"
                        }
                    ],
                    "isInner": false,
                    "elType": "column"
                }
            ],
            "isInner": false,
            "elType": "section"
        }
    ]
}