{
    "version": "0.4",
    "title": "Contact",
    "type": "section",
    "metadata": {
        "template_type": "section",
        "elementor_pro_required": false,
        "wp_page_template": "default"
    },
    "content": [
        {
            "id": "728538e",
            "settings": {
                "height": "min-height",
                "custom_height": {
                    "unit": "px",
                    "size": 443
                },
                "content_position": "middle",
                "background_background": "video",
                "background_position": "top center",
                "background_size": "auto",
                "gap": "no",
                "background_overlay_color": "#0e1622",
                "padding": {
                    "unit": "px",
                    "top": "0",
                    "right": "0",
                    "bottom": "0",
                    "left": "0",
                    "isLinked": true
                },
                "custom_height_tablet": {
                    "unit": "px",
                    "size": 499
                },
                "custom_height_mobile": {
                    "unit": "px",
                    "size": 612
                },
                "padding_tablet": {
                    "unit": "px",
                    "top": "0",
                    "right": "25",
                    "bottom": "0",
                    "left": "25",
                    "isLinked": false
                },
                "padding_mobile": {
                    "unit": "px",
                    "top": "05",
                    "right": "25",
                    "bottom": "0",
                    "left": "25",
                    "isLinked": false
                },
                "background_color": "#000000",
                "shape_divider_bottom_width": {
                    "unit": "%",
                    "size": 100
                },
                "shape_divider_bottom_height": {
                    "unit": "px",
                    "size": 20
                },
                "background_attachment": "fixed",
                "background_overlay_background": "classic",
                "background_overlay_opacity": {
                    "unit": "px",
                    "size": 0.79000000000000004
                },
                "content_width": {
                    "unit": "px",
                    "size": 747
                },
                "background_video_link": "https:\/\/www.youtube.com\/watch?v=r6A_27h-pFA",
                "background_video_start": 18,
                "background_video_end": 40,
                "background_video_fallback": {
                    "url": "https:\/\/wp.envatoextensions.com\/collection-11\/wp-content\/uploads\/sites\/14\/2018\/07\/chanan-greenblatt-50120-unsplash.jpg",
                    "id": 314
                },
                "overlay_blend_mode": "multiply",
                "shape_divider_bottom": "triangle",
                "shape_divider_bottom_color": "#ebebeb",
                "shape_divider_bottom_negative": "yes",
                "shape_divider_bottom_flip": "yes",
                "shape_divider_bottom_height_tablet": {
                    "unit": "px",
                    "size": 36
                }
            },
            "elements": [
                {
                    "id": "4702cdfc",
                    "settings": {
                        "_column_size": 100,
                        "_inline_size": null,
                        "padding": {
                            "unit": "%",
                            "top": "",
                            "right": "",
                            "bottom": "",
                            "left": "",
                            "isLinked": true
                        },
                        "padding_mobile": {
                            "unit": "px",
                            "top": "25",
                            "right": "0",
                            "bottom": "0",
                            "left": "0",
                            "isLinked": false
                        },
                        "space_between_widgets": 20,
                        "animation": "fadeInUp",
                        "animation_duration": "slow"
                    },
                    "elements": [
                        {
                            "id": "2534b042",
                            "settings": {
                                "title": "We\u2019re always open!",
                                "header_size": "p",
                                "align": "left",
                                "title_color": "#e7e7e7",
                                "typography_typography": "custom",
                                "typography_font_family": "Rubik",
                                "typography_font_size": {
                                    "unit": "px",
                                    "size": 18
                                },
                                "typography_font_weight": "500",
                                "typography_text_transform": "uppercase",
                                "typography_letter_spacing": {
                                    "unit": "px",
                                    "size": 1.2
                                },
                                "_z_index": 1,
                                "_animation": "fadeInUp",
                                "_animation_delay": 750,
                                "align_mobile": "center"
                            },
                            "elements": [],
                            "isInner": false,
                            "widgetType": "heading",
                            "elType": "widget"
                        },
                        {
                            "id": "43fb20d1",
                            "settings": {
                                "title": "Get in touch",
                                "align": "center",
                                "title_color": "#bf1c48",
                                "typography_typography": "custom",
                                "typography_font_size": {
                                    "unit": "px",
                                    "size": 135
                                },
                                "typography_font_weight": "400",
                                "align_mobile": "center",
                                "typography_font_size_tablet": {
                                    "unit": "px",
                                    "size": 127
                                },
                                "typography_font_size_mobile": {
                                    "unit": "px",
                                    "size": 98
                                },
                                "typography_line_height_tablet": {
                                    "unit": "em",
                                    "size": ""
                                },
                                "typography_font_family": "Leckerli One",
                                "typography_line_height": {
                                    "unit": "em",
                                    "size": 0.69999999999999996
                                },
                                "text_shadow_text_shadow_type": "yes",
                                "text_shadow_text_shadow": {
                                    "horizontal": 0,
                                    "vertical": 6,
                                    "blur": 0,
                                    "color": "#0e1622"
                                },
                                "_margin": {
                                    "unit": "px",
                                    "top": "20",
                                    "right": "0",
                                    "bottom": "0",
                                    "left": "-20",
                                    "isLinked": false
                                },
                                "_animation": "fadeInUp",
                                "_animation_delay": 700,
                                "_margin_tablet": {
                                    "unit": "px",
                                    "top": "10",
                                    "right": "0",
                                    "bottom": "0",
                                    "left": "-14",
                                    "isLinked": false
                                },
                                "_margin_mobile": {
                                    "unit": "px",
                                    "top": "20",
                                    "right": "0",
                                    "bottom": "0",
                                    "left": "0",
                                    "isLinked": false
                                },
                                "typography_line_height_mobile": {
                                    "unit": "em",
                                    "size": 0.80000000000000004
                                },
                                "typography_text_transform": "capitalize"
                            },
                            "elements": [],
                            "isInner": false,
                            "widgetType": "heading",
                            "elType": "widget"
                        },
                        {
                            "id": "4fd2130e",
                            "settings": {
                                "title": "Melbourne\u2019s newest 24\/7 gym",
                                "header_size": "p",
                                "align": "right",
                                "title_color": "#e7e7e7",
                                "typography_typography": "custom",
                                "typography_font_family": "Rubik",
                                "typography_font_size": {
                                    "unit": "px",
                                    "size": 18
                                },
                                "typography_font_weight": "500",
                                "typography_text_transform": "uppercase",
                                "typography_letter_spacing": {
                                    "unit": "px",
                                    "size": 1.2
                                },
                                "_z_index": 1,
                                "_animation": "fadeInUp",
                                "_animation_delay": 750,
                                "align_mobile": "center",
                                "typography_font_size_mobile": {
                                    "unit": "px",
                                    "size": 15
                                }
                            },
                            "elements": [],
                            "isInner": false,
                            "widgetType": "heading",
                            "elType": "widget"
                        }
                    ],
                    "isInner": false,
                    "elType": "column"
                }
            ],
            "isInner": false,
            "elType": "section"
        },
        {
            "id": "7578dc2",
            "settings": {
                "layout": "full_width",
                "background_background": "gradient",
                "background_color": "#ebebeb",
                "background_overlay_background": "classic",
                "background_overlay_color_stop": {
                    "unit": "%",
                    "size": 20
                },
                "background_overlay_color_b": "#e5ccce",
                "background_overlay_opacity": {
                    "unit": "px",
                    "size": 1
                },
                "css_classes": "envato-kit-11-section-overflow",
                "background_color_b": "#e5ccce",
                "background_overlay_image": {
                    "url": "https:\/\/wp.envatoextensions.com\/collection-11\/wp-content\/uploads\/sites\/14\/2018\/07\/Lines\u2013Red@2x.png",
                    "id": 634
                },
                "background_overlay_position": "bottom left",
                "background_overlay_repeat": "no-repeat",
                "background_overlay_size": "auto",
                "padding": {
                    "unit": "px",
                    "top": "0",
                    "right": "0",
                    "bottom": "0",
                    "left": "0",
                    "isLinked": false
                }
            },
            "elements": [
                {
                    "id": "122f9f86",
                    "settings": {
                        "_column_size": 100,
                        "_inline_size": null,
                        "margin": {
                            "unit": "%",
                            "top": "",
                            "right": "",
                            "bottom": "",
                            "left": "",
                            "isLinked": true
                        },
                        "_inline_size_tablet": 100,
                        "margin_tablet": {
                            "unit": "px",
                            "top": "0",
                            "right": "0",
                            "bottom": "0",
                            "left": "0",
                            "isLinked": true
                        },
                        "padding_tablet": {
                            "unit": "px",
                            "top": "0",
                            "right": "0",
                            "bottom": "0",
                            "left": "0",
                            "isLinked": true
                        },
                        "background_background": "classic",
                        "background_position": "bottom left",
                        "background_repeat": "no-repeat",
                        "background_size": "auto",
                        "padding": {
                            "unit": "%",
                            "top": "0",
                            "right": "0",
                            "bottom": "0",
                            "left": "0",
                            "isLinked": false
                        }
                    },
                    "elements": [
                        {
                            "id": "1b452010",
                            "settings": {
                                "margin": {
                                    "unit": "px",
                                    "top": "-88",
                                    "right": 0,
                                    "bottom": "0",
                                    "left": 0,
                                    "isLinked": false
                                },
                                "content_width": {
                                    "unit": "px",
                                    "size": 718
                                }
                            },
                            "elements": [
                                {
                                    "id": "3b8da7c7",
                                    "settings": {
                                        "_column_size": 100,
                                        "_inline_size": null,
                                        "_inline_size_tablet": 100
                                    },
                                    "elements": [
                                        {
                                            "id": "78e1256f",
                                            "settings": {
                                                "icon": "fa fa-volume-control-phone",
                                                "view": "stacked",
                                                "title_text": "Phone",
                                                "description_text": "1300 000 000",
                                                "title_size": "h2",
                                                "icon_space": {
                                                    "unit": "px",
                                                    "size": 27
                                                },
                                                "icon_size": {
                                                    "unit": "px",
                                                    "size": 60
                                                },
                                                "title_bottom_space": {
                                                    "unit": "px",
                                                    "size": 0
                                                },
                                                "title_typography_typography": "custom",
                                                "title_typography_font_family": "Rubik Mono One",
                                                "title_typography_font_size": {
                                                    "unit": "px",
                                                    "size": 25
                                                },
                                                "title_typography_font_weight": "400",
                                                "title_typography_line_height": {
                                                    "unit": "em",
                                                    "size": 0.90000000000000002
                                                },
                                                "description_typography_typography": "custom",
                                                "description_typography_line_height": {
                                                    "unit": "em",
                                                    "size": 1
                                                },
                                                "_animation": "fadeInUp",
                                                "description_color": "#1d3e62",
                                                "description_typography_font_family": "Rubik",
                                                "description_typography_font_size": {
                                                    "unit": "px",
                                                    "size": 54
                                                },
                                                "description_typography_font_size_tablet": {
                                                    "unit": "px",
                                                    "size": 39
                                                },
                                                "description_typography_font_weight": "800",
                                                "description_typography_text_transform": "uppercase",
                                                "description_typography_letter_spacing": {
                                                    "unit": "px",
                                                    "size": -2
                                                },
                                                "primary_color": "#bf1c48",
                                                "selected_icon": {
                                                    "value": "fas fa-phone-volume",
                                                    "library": "fa-solid"
                                                }
                                            },
                                            "elements": [],
                                            "isInner": false,
                                            "widgetType": "icon-box",
                                            "elType": "widget"
                                        },
                                        {
                                            "id": "75655053",
                                            "settings": {
                                                "icon": "fa fa-paper-plane-o",
                                                "view": "stacked",
                                                "title_text": "Email",
                                                "description_text": "Members@website.com",
                                                "title_size": "h2",
                                                "icon_space": {
                                                    "unit": "px",
                                                    "size": 27
                                                },
                                                "icon_size": {
                                                    "unit": "px",
                                                    "size": 60
                                                },
                                                "title_bottom_space": {
                                                    "unit": "px",
                                                    "size": 0
                                                },
                                                "title_typography_typography": "custom",
                                                "title_typography_font_family": "Rubik Mono One",
                                                "title_typography_font_size": {
                                                    "unit": "px",
                                                    "size": 25
                                                },
                                                "title_typography_font_weight": "400",
                                                "title_typography_line_height": {
                                                    "unit": "em",
                                                    "size": 0.90000000000000002
                                                },
                                                "description_typography_typography": "custom",
                                                "description_typography_line_height": {
                                                    "unit": "em",
                                                    "size": 1
                                                },
                                                "_animation": "fadeInUp",
                                                "link": {
                                                    "url": "#",
                                                    "is_external": "",
                                                    "nofollow": ""
                                                },
                                                "description_color": "#1d3e62",
                                                "description_typography_font_family": "Rubik",
                                                "description_typography_font_size": {
                                                    "unit": "px",
                                                    "size": 44
                                                },
                                                "description_typography_font_size_mobile": {
                                                    "unit": "px",
                                                    "size": 25
                                                },
                                                "description_typography_font_weight": "800",
                                                "description_typography_text_transform": "uppercase",
                                                "description_typography_letter_spacing": {
                                                    "unit": "px",
                                                    "size": -2
                                                },
                                                "primary_color": "#bf1c48",
                                                "selected_icon": {
                                                    "value": "far fa-paper-plane",
                                                    "library": "fa-regular"
                                                }
                                            },
                                            "elements": [],
                                            "isInner": false,
                                            "widgetType": "icon-box",
                                            "elType": "widget"
                                        }
                                    ],
                                    "isInner": true,
                                    "elType": "column"
                                }
                            ],
                            "isInner": true,
                            "elType": "section"
                        },
                        {
                            "id": "1bba7d87",
                            "settings": {
                                "layout": "full_width",
                                "structure": "33",
                                "margin": {
                                    "unit": "px",
                                    "top": "30",
                                    "right": 0,
                                    "bottom": "0",
                                    "left": 0,
                                    "isLinked": false
                                },
                                "content_width": {
                                    "unit": "px",
                                    "size": 1008
                                }
                            },
                            "elements": [
                                {
                                    "id": "4d837991",
                                    "settings": {
                                        "_column_size": 25,
                                        "_inline_size": null,
                                        "margin": {
                                            "unit": "px",
                                            "top": "0",
                                            "right": "0",
                                            "bottom": "0",
                                            "left": "0",
                                            "isLinked": false
                                        },
                                        "_inline_size_tablet": 100,
                                        "padding": {
                                            "unit": "px",
                                            "top": "0",
                                            "right": "0",
                                            "bottom": "0",
                                            "left": "0",
                                            "isLinked": true
                                        }
                                    },
                                    "elements": [],
                                    "isInner": true,
                                    "elType": "column"
                                },
                                {
                                    "id": "79839a67",
                                    "settings": {
                                        "_column_size": 50,
                                        "_inline_size": null,
                                        "_inline_size_tablet": 100
                                    },
                                    "elements": [
                                        {
                                            "id": "1328f848",
                                            "settings": {
                                                "icon": "fa fa-map-marker",
                                                "view": "stacked",
                                                "title_text": "Address",
                                                "description_text": "121 King Street, Melbourne",
                                                "position": "left",
                                                "title_size": "h2",
                                                "icon_space": {
                                                    "unit": "px",
                                                    "size": 27
                                                },
                                                "icon_size": {
                                                    "unit": "px",
                                                    "size": 60
                                                },
                                                "title_bottom_space": {
                                                    "unit": "px",
                                                    "size": 10
                                                },
                                                "title_typography_typography": "custom",
                                                "title_typography_font_family": "Rubik Mono One",
                                                "title_typography_font_size": {
                                                    "unit": "px",
                                                    "size": 25
                                                },
                                                "title_typography_font_weight": "400",
                                                "title_typography_line_height": {
                                                    "unit": "em",
                                                    "size": 0.90000000000000002
                                                },
                                                "description_typography_typography": "custom",
                                                "description_typography_line_height": {
                                                    "unit": "em",
                                                    "size": 1
                                                },
                                                "_animation": "fadeInUp",
                                                "link": {
                                                    "url": "#",
                                                    "is_external": "",
                                                    "nofollow": ""
                                                },
                                                "description_color": "#1d3e62",
                                                "description_typography_font_family": "Rubik",
                                                "description_typography_font_size": {
                                                    "unit": "px",
                                                    "size": 44
                                                },
                                                "description_typography_font_size_mobile": {
                                                    "unit": "px",
                                                    "size": 37
                                                },
                                                "description_typography_font_weight": "800",
                                                "description_typography_text_transform": "uppercase",
                                                "description_typography_letter_spacing": {
                                                    "unit": "px",
                                                    "size": -2
                                                },
                                                "_margin": {
                                                    "unit": "px",
                                                    "top": "70",
                                                    "right": "0",
                                                    "bottom": "0",
                                                    "left": "50",
                                                    "isLinked": false
                                                },
                                                "_margin_mobile": {
                                                    "unit": "px",
                                                    "top": "0",
                                                    "right": "0",
                                                    "bottom": "0",
                                                    "left": "0",
                                                    "isLinked": false
                                                },
                                                "_padding_mobile": {
                                                    "unit": "px",
                                                    "top": "0",
                                                    "right": "0",
                                                    "bottom": "0",
                                                    "left": "0",
                                                    "isLinked": true
                                                },
                                                "primary_color": "#bf1c48",
                                                "_margin_tablet": {
                                                    "unit": "%",
                                                    "top": "0",
                                                    "right": "0",
                                                    "bottom": "0",
                                                    "left": "14",
                                                    "isLinked": false
                                                },
                                                "selected_icon": {
                                                    "value": "fas fa-map-marker-alt",
                                                    "library": "fa-solid"
                                                }
                                            },
                                            "elements": [],
                                            "isInner": false,
                                            "widgetType": "icon-box",
                                            "elType": "widget"
                                        },
                                        {
                                            "id": "5715095f",
                                            "settings": {
                                                "address": "121 King Street, Melbourne VIC 3000",
                                                "zoom": {
                                                    "unit": "px",
                                                    "size": 17
                                                },
                                                "height": {
                                                    "unit": "px",
                                                    "size": 300
                                                },
                                                "_padding": {
                                                    "unit": "px",
                                                    "top": "0",
                                                    "right": "0",
                                                    "bottom": "0",
                                                    "left": "0",
                                                    "isLinked": false
                                                },
                                                "_margin": {
                                                    "unit": "px",
                                                    "top": "0",
                                                    "right": "0",
                                                    "bottom": "0",
                                                    "left": "0",
                                                    "isLinked": false
                                                },
                                                "_box_shadow_box_shadow_type": "yes",
                                                "_box_shadow_box_shadow": {
                                                    "horizontal": 0,
                                                    "vertical": 3,
                                                    "blur": 91,
                                                    "spread": 0,
                                                    "color": "rgba(0,0,0,0.15)"
                                                },
                                                "_border_color": "#ffffff",
                                                "_border_radius": {
                                                    "unit": "%",
                                                    "top": "",
                                                    "right": "",
                                                    "bottom": "",
                                                    "left": "",
                                                    "isLinked": true
                                                }
                                            },
                                            "elements": [],
                                            "isInner": false,
                                            "widgetType": "google_maps",
                                            "elType": "widget"
                                        },
                                        {
                                            "id": "7069cdb4",
                                            "settings": [],
                                            "elements": [],
                                            "isInner": false,
                                            "widgetType": "spacer",
                                            "elType": "widget"
                                        },
                                        {
                                            "id": "7e36e66e",
                                            "settings": {
                                                "social_icon_list": [
                                                    {
                                                        "social": "fa fa-facebook",
                                                        "_id": "9c86cde",
                                                        "link": {
                                                            "url": "",
                                                            "is_external": "true",
                                                            "nofollow": ""
                                                        }
                                                    },
                                                    {
                                                        "social": "fa fa-twitter",
                                                        "_id": "7f0e5c7",
                                                        "link": {
                                                            "url": "",
                                                            "is_external": "true",
                                                            "nofollow": ""
                                                        }
                                                    },
                                                    {
                                                        "social": "fa fa-youtube",
                                                        "link": {
                                                            "url": "",
                                                            "is_external": "true",
                                                            "nofollow": ""
                                                        },
                                                        "_id": "1cfae18"
                                                    }
                                                ],
                                                "icon_color": "custom",
                                                "icon_primary_color": "#bf1c48",
                                                "icon_secondary_color": "#ffffff",
                                                "icon_size": {
                                                    "unit": "px",
                                                    "size": 24
                                                },
                                                "icon_spacing": {
                                                    "unit": "px",
                                                    "size": 27
                                                },
                                                "hover_secondary_color": "#ffffff",
                                                "hover_animation": "grow",
                                                "icon_spacing_mobile": {
                                                    "unit": "px",
                                                    "size": 30
                                                },
                                                "_padding_mobile": {
                                                    "unit": "px",
                                                    "top": "15",
                                                    "right": "0",
                                                    "bottom": "0",
                                                    "left": "0",
                                                    "isLinked": false
                                                },
                                                "shape": "circle",
                                                "align_mobile": "center",
                                                "icon_size_mobile": {
                                                    "unit": "px",
                                                    "size": 33
                                                },
                                                "icon_spacing_tablet": {
                                                    "unit": "px",
                                                    "size": 18
                                                },
                                                "hover_primary_color": "#f5553b"
                                            },
                                            "elements": [],
                                            "isInner": false,
                                            "widgetType": "social-icons",
                                            "elType": "widget"
                                        },
                                        {
                                            "id": "75eb5341",
                                            "settings": [],
                                            "elements": [],
                                            "isInner": false,
                                            "widgetType": "spacer",
                                            "elType": "widget"
                                        }
                                    ],
                                    "isInner": true,
                                    "elType": "column"
                                },
                                {
                                    "id": "283c00a0",
                                    "settings": {
                                        "_column_size": 25,
                                        "_inline_size": null,
                                        "_inline_size_tablet": 100,
                                        "margin": {
                                            "unit": "px",
                                            "top": "0",
                                            "right": "0",
                                            "bottom": "0",
                                            "left": "0",
                                            "isLinked": true
                                        },
                                        "margin_tablet": {
                                            "unit": "%",
                                            "top": "0",
                                            "right": "0",
                                            "bottom": "0",
                                            "left": "0",
                                            "isLinked": false
                                        },
                                        "padding": {
                                            "unit": "px",
                                            "top": "0",
                                            "right": "0",
                                            "bottom": "0",
                                            "left": "0",
                                            "isLinked": true
                                        },
                                        "content_position": "bottom"
                                    },
                                    "elements": [
                                        {
                                            "id": "8b2e278",
                                            "settings": {
                                                "image": {
                                                    "url": "https:\/\/wp.envatoextensions.com\/collection-11\/wp-content\/uploads\/sites\/14\/2018\/07\/matthew-hamilton-384332-unsplash-flipped.png",
                                                    "id": 621
                                                },
                                                "width": {
                                                    "unit": "%",
                                                    "size": 100
                                                },
                                                "_margin": {
                                                    "unit": "%",
                                                    "top": "0",
                                                    "right": "-23",
                                                    "bottom": "0",
                                                    "left": "0",
                                                    "isLinked": false
                                                },
                                                "_margin_tablet": {
                                                    "unit": "%",
                                                    "top": "0",
                                                    "right": "0",
                                                    "bottom": "0",
                                                    "left": "60",
                                                    "isLinked": false
                                                },
                                                "_margin_mobile": {
                                                    "unit": "%",
                                                    "top": "9",
                                                    "right": "-10",
                                                    "bottom": "0",
                                                    "left": "-10",
                                                    "isLinked": false
                                                },
                                                "align_tablet": "right"
                                            },
                                            "elements": [],
                                            "isInner": false,
                                            "widgetType": "image",
                                            "elType": "widget"
                                        }
                                    ],
                                    "isInner": true,
                                    "elType": "column"
                                }
                            ],
                            "isInner": true,
                            "elType": "section"
                        }
                    ],
                    "isInner": false,
                    "elType": "column"
                }
            ],
            "isInner": false,
            "elType": "section"
        }
    ]
}