{
    "version": "0.4",
    "title": "Event 2",
    "type": "section",
    "metadata": {
        "template_type": "section",
        "elementor_pro_required": false,
        "wp_page_template": "default"
    },
    "content": [
        {
            "id": "241b2c34",
            "settings": {
                "content_width": {
                    "unit": "px",
                    "size": 869
                },
                "height": "min-height",
                "custom_height": {
                    "unit": "px",
                    "size": 701
                },
                "column_position": "bottom",
                "background_background": "video",
                "background_video_link": "https:\/\/www.youtube.com\/watch?v=bEbEVVUfjr4",
                "background_video_start": 0,
                "background_video_end": 23,
                "background_video_fallback": {
                    "url": "https:\/\/wp.envatoextensions.com\/collection-11\/wp-content\/uploads\/sites\/14\/2018\/06\/victor-freitas-570027-unsplash-2.jpg",
                    "id": 97
                },
                "background_overlay_background": "classic",
                "background_overlay_color": "#1d3e62",
                "background_overlay_color_b": "#f5553b",
                "background_overlay_gradient_angle": {
                    "unit": "deg",
                    "size": 310
                },
                "background_overlay_opacity": {
                    "unit": "px",
                    "size": 1
                },
                "css_filters_blur": {
                    "unit": "px",
                    "size": 6.4000000000000004
                },
                "css_filters_brightness": {
                    "unit": "px",
                    "size": 200
                },
                "css_filters_contrast": {
                    "unit": "px",
                    "size": 0
                },
                "css_filters_saturate": {
                    "unit": "px",
                    "size": 0
                },
                "overlay_blend_mode": "multiply",
                "shape_divider_bottom_width": {
                    "unit": "%",
                    "size": 100
                },
                "shape_divider_bottom_height": {
                    "unit": "px",
                    "size": 50
                },
                "shape_divider_bottom_flip": "yes",
                "padding": {
                    "unit": "px",
                    "top": "0",
                    "right": "0",
                    "bottom": "0",
                    "left": "0",
                    "isLinked": false
                },
                "shape_divider_bottom": "tilt",
                "content_position": "bottom"
            },
            "elements": [
                {
                    "id": "b142f3a",
                    "settings": {
                        "_column_size": 100,
                        "background_background": "classic",
                        "background_position": "center center",
                        "background_repeat": "no-repeat",
                        "background_size": "contain",
                        "background_overlay_background": "classic",
                        "background_overlay_image": {
                            "url": "https:\/\/wp.envatoextensions.com\/collection-11\/wp-content\/uploads\/sites\/14\/2018\/07\/squishy-circle-white.png",
                            "id": 457
                        },
                        "background_overlay_position": "bottom center",
                        "background_overlay_repeat": "no-repeat",
                        "background_overlay_size": "contain",
                        "background_overlay_opacity": {
                            "unit": "px",
                            "size": 1
                        },
                        "margin": {
                            "unit": "px",
                            "top": "0",
                            "right": "0",
                            "bottom": "0",
                            "left": "0",
                            "isLinked": false
                        },
                        "padding": {
                            "unit": "px",
                            "top": "98",
                            "right": "0",
                            "bottom": "0",
                            "left": "0",
                            "isLinked": false
                        },
                        "z_index": 1
                    },
                    "elements": [
                        {
                            "id": "2ddac525",
                            "settings": {
                                "title": "Get your shoes on!",
                                "header_size": "p",
                                "align": "center",
                                "title_color": "#f5553b",
                                "typography_typography": "custom",
                                "typography_font_family": "Rubik",
                                "typography_font_size": {
                                    "unit": "px",
                                    "size": 19
                                },
                                "typography_font_weight": "500",
                                "typography_text_transform": "uppercase",
                                "typography_letter_spacing": {
                                    "unit": "px",
                                    "size": 3
                                },
                                "_animation_delay": 750,
                                "align_mobile": "center",
                                "text_shadow_text_shadow_type": "yes",
                                "text_shadow_text_shadow": {
                                    "horizontal": -1,
                                    "vertical": 1,
                                    "blur": 0,
                                    "color": "#ffffff"
                                }
                            },
                            "elements": [],
                            "isInner": false,
                            "widgetType": "heading",
                            "elType": "widget"
                        },
                        {
                            "id": "a029fda",
                            "settings": {
                                "title": "Park Run",
                                "align": "center",
                                "title_color": "#efbb10",
                                "typography_typography": "custom",
                                "typography_font_size": {
                                    "unit": "px",
                                    "size": 200
                                },
                                "typography_font_weight": "400",
                                "align_mobile": "center",
                                "typography_font_size_tablet": {
                                    "unit": "px",
                                    "size": 139
                                },
                                "typography_font_size_mobile": {
                                    "unit": "px",
                                    "size": 97
                                },
                                "typography_line_height_tablet": {
                                    "unit": "em",
                                    "size": ""
                                },
                                "typography_font_family": "Leckerli One",
                                "typography_line_height": {
                                    "unit": "em",
                                    "size": 0.59999999999999998
                                },
                                "text_shadow_text_shadow_type": "yes",
                                "text_shadow_text_shadow": {
                                    "horizontal": 0,
                                    "vertical": 9,
                                    "blur": 0,
                                    "color": "#0e1622"
                                },
                                "_margin": {
                                    "unit": "px",
                                    "top": "12",
                                    "right": "40",
                                    "bottom": "30",
                                    "left": "10",
                                    "isLinked": false
                                },
                                "_animation": "fadeInUp",
                                "_animation_delay": 1000,
                                "_padding": {
                                    "unit": "%",
                                    "top": "0",
                                    "right": "20",
                                    "bottom": "0",
                                    "left": "20",
                                    "isLinked": false
                                }
                            },
                            "elements": [],
                            "isInner": false,
                            "widgetType": "heading",
                            "elType": "widget"
                        },
                        {
                            "id": "499b4a04",
                            "settings": {
                                "title": "2019",
                                "header_size": "p",
                                "align": "center",
                                "title_color": "#f5553b",
                                "typography_typography": "custom",
                                "typography_font_family": "Rubik",
                                "typography_font_size": {
                                    "unit": "px",
                                    "size": 33
                                },
                                "typography_font_weight": "500",
                                "typography_text_transform": "uppercase",
                                "typography_letter_spacing": {
                                    "unit": "px",
                                    "size": 6
                                },
                                "_animation_delay": 750,
                                "align_mobile": "center",
                                "text_shadow_text_shadow_type": "yes",
                                "text_shadow_text_shadow": {
                                    "horizontal": -1,
                                    "vertical": 1,
                                    "blur": 0,
                                    "color": "#ffffff"
                                }
                            },
                            "elements": [],
                            "isInner": false,
                            "widgetType": "heading",
                            "elType": "widget"
                        },
                        {
                            "id": "5ebec1f0",
                            "settings": {
                                "space": {
                                    "unit": "px",
                                    "size": 53
                                }
                            },
                            "elements": [],
                            "isInner": false,
                            "widgetType": "spacer",
                            "elType": "widget"
                        }
                    ],
                    "isInner": false,
                    "elType": "column"
                }
            ],
            "isInner": false,
            "elType": "section"
        },
        {
            "id": "7f696fd0",
            "settings": {
                "gap": "no",
                "structure": "32",
                "height": "min-height",
                "custom_height": {
                    "unit": "px",
                    "size": 297
                },
                "column_position": "stretch",
                "content_position": "middle",
                "margin": {
                    "unit": "px",
                    "top": "-37",
                    "right": 0,
                    "bottom": "0",
                    "left": 0,
                    "isLinked": false
                }
            },
            "elements": [
                {
                    "id": "6b6e697c",
                    "settings": {
                        "_column_size": 50,
                        "_inline_size": null,
                        "background_background": "classic",
                        "background_color": "#e7e7e7",
                        "padding": {
                            "unit": "px",
                            "top": "30",
                            "right": "30",
                            "bottom": "30",
                            "left": "30",
                            "isLinked": true
                        },
                        "_inline_size_tablet": 40
                    },
                    "elements": [
                        {
                            "id": "344f9e51",
                            "settings": {
                                "title": "About",
                                "header_size": "h3",
                                "title_color": "#0e1622",
                                "typography_typography": "custom",
                                "typography_font_family": "Rubik",
                                "typography_font_size": {
                                    "unit": "px",
                                    "size": 19
                                },
                                "typography_font_weight": "500",
                                "typography_text_transform": "uppercase",
                                "typography_letter_spacing": {
                                    "unit": "px",
                                    "size": 4
                                },
                                "_animation_delay": 750,
                                "align_mobile": "center"
                            },
                            "elements": [],
                            "isInner": false,
                            "widgetType": "heading",
                            "elType": "widget"
                        },
                        {
                            "id": "2623a443",
                            "settings": {
                                "editor": "<p>Lorem ipsum dolor sit amet, consectetur adipiscing elit. Ut elit tellus, luctus nec ullamcorper mattis, pulvinar dapibus leo.\u00a0<\/p><p>Ut elit tellus, luctus nec ullamcorper mattis, pulvinar dapibus leo.<\/p>",
                                "text_color": "#0e1622"
                            },
                            "elements": [],
                            "isInner": false,
                            "widgetType": "text-editor",
                            "elType": "widget"
                        }
                    ],
                    "isInner": false,
                    "elType": "column"
                },
                {
                    "id": "7479a78",
                    "settings": {
                        "_column_size": 25,
                        "_inline_size": null,
                        "_inline_size_tablet": 30,
                        "background_background": "classic",
                        "background_color": "#bf1c48"
                    },
                    "elements": [
                        {
                            "id": "1e65e12a",
                            "settings": {
                                "gap": "no",
                                "height_inner": "min-height",
                                "custom_height_inner": {
                                    "unit": "px",
                                    "size": ""
                                }
                            },
                            "elements": [
                                {
                                    "id": "44f4f27d",
                                    "settings": {
                                        "_column_size": 100,
                                        "_inline_size": null,
                                        "background_color": "#bf1c48",
                                        "padding": {
                                            "unit": "px",
                                            "top": "20",
                                            "right": "20",
                                            "bottom": "20",
                                            "left": "20",
                                            "isLinked": true
                                        }
                                    },
                                    "elements": [
                                        {
                                            "id": "46dd632b",
                                            "settings": {
                                                "title": "When",
                                                "header_size": "p",
                                                "align": "center",
                                                "title_color": "#efbb10",
                                                "typography_typography": "custom",
                                                "typography_font_family": "Rubik",
                                                "typography_font_size": {
                                                    "unit": "px",
                                                    "size": 19
                                                },
                                                "typography_font_weight": "500",
                                                "typography_text_transform": "uppercase",
                                                "typography_letter_spacing": {
                                                    "unit": "px",
                                                    "size": 1.2
                                                },
                                                "_animation_delay": 750,
                                                "align_mobile": "center"
                                            },
                                            "elements": [],
                                            "isInner": false,
                                            "widgetType": "heading",
                                            "elType": "widget"
                                        }
                                    ],
                                    "isInner": true,
                                    "elType": "column"
                                }
                            ],
                            "isInner": true,
                            "elType": "section"
                        },
                        {
                            "id": "7318d232",
                            "settings": {
                                "gap": "no",
                                "custom_height_inner": {
                                    "unit": "px",
                                    "size": 83
                                },
                                "content_position": "middle",
                                "structure": "20"
                            },
                            "elements": [
                                {
                                    "id": "271ffa52",
                                    "settings": {
                                        "_column_size": 50,
                                        "_inline_size": null,
                                        "background_color": "#bf1c48"
                                    },
                                    "elements": [
                                        {
                                            "id": "588a0d0a",
                                            "settings": {
                                                "title": "18",
                                                "header_size": "span",
                                                "align": "right",
                                                "title_color": "#ffffff",
                                                "typography_typography": "custom",
                                                "typography_font_family": "Rubik",
                                                "typography_font_size": {
                                                    "unit": "px",
                                                    "size": 76
                                                },
                                                "typography_font_weight": "500",
                                                "typography_text_transform": "uppercase",
                                                "typography_letter_spacing": {
                                                    "unit": "px",
                                                    "size": 1.2
                                                },
                                                "_animation_delay": 750,
                                                "align_mobile": "center"
                                            },
                                            "elements": [],
                                            "isInner": false,
                                            "widgetType": "heading",
                                            "elType": "widget"
                                        }
                                    ],
                                    "isInner": true,
                                    "elType": "column"
                                },
                                {
                                    "id": "66fb576e",
                                    "settings": {
                                        "_column_size": 50,
                                        "_inline_size": null,
                                        "space_between_widgets": 0,
                                        "background_color": "#bf1c48"
                                    },
                                    "elements": [
                                        {
                                            "id": "6bc805de",
                                            "settings": {
                                                "title": "DEC",
                                                "header_size": "span",
                                                "align": "left",
                                                "title_color": "#ffffff",
                                                "typography_typography": "custom",
                                                "typography_font_family": "Rubik",
                                                "typography_font_size": {
                                                    "unit": "px",
                                                    "size": 35
                                                },
                                                "typography_font_weight": "500",
                                                "typography_text_transform": "uppercase",
                                                "typography_letter_spacing": {
                                                    "unit": "px",
                                                    "size": 1.2
                                                },
                                                "_animation_delay": 750,
                                                "align_mobile": "center"
                                            },
                                            "elements": [],
                                            "isInner": false,
                                            "widgetType": "heading",
                                            "elType": "widget"
                                        },
                                        {
                                            "id": "6b67c71b",
                                            "settings": {
                                                "title": "2019",
                                                "header_size": "span",
                                                "align": "left",
                                                "title_color": "#f5553b",
                                                "typography_typography": "custom",
                                                "typography_font_family": "Rubik",
                                                "typography_font_size": {
                                                    "unit": "px",
                                                    "size": 28
                                                },
                                                "typography_font_weight": "700",
                                                "typography_text_transform": "uppercase",
                                                "typography_letter_spacing": {
                                                    "unit": "px",
                                                    "size": 1.2
                                                },
                                                "_animation_delay": 750,
                                                "align_mobile": "center"
                                            },
                                            "elements": [],
                                            "isInner": false,
                                            "widgetType": "heading",
                                            "elType": "widget"
                                        }
                                    ],
                                    "isInner": true,
                                    "elType": "column"
                                }
                            ],
                            "isInner": true,
                            "elType": "section"
                        },
                        {
                            "id": "4cbfedbf",
                            "settings": {
                                "gap": "no",
                                "height_inner": "min-height",
                                "custom_height_inner": {
                                    "unit": "px",
                                    "size": ""
                                }
                            },
                            "elements": [
                                {
                                    "id": "1a3d44b",
                                    "settings": {
                                        "_column_size": 100,
                                        "_inline_size": null,
                                        "background_color": "#bf1c48"
                                    },
                                    "elements": [
                                        {
                                            "id": "4d2cca9f",
                                            "settings": {
                                                "title": "Starts @ 1pm",
                                                "header_size": "p",
                                                "align": "center",
                                                "title_color": "#e7e7e7",
                                                "typography_typography": "custom",
                                                "typography_font_family": "Rubik",
                                                "typography_font_size": {
                                                    "unit": "px",
                                                    "size": 19
                                                },
                                                "typography_font_weight": "500",
                                                "typography_text_transform": "uppercase",
                                                "typography_letter_spacing": {
                                                    "unit": "px",
                                                    "size": 1.2
                                                },
                                                "_animation_delay": 750,
                                                "align_mobile": "center"
                                            },
                                            "elements": [],
                                            "isInner": false,
                                            "widgetType": "heading",
                                            "elType": "widget"
                                        }
                                    ],
                                    "isInner": true,
                                    "elType": "column"
                                }
                            ],
                            "isInner": true,
                            "elType": "section"
                        }
                    ],
                    "isInner": false,
                    "elType": "column"
                },
                {
                    "id": "4bf94eed",
                    "settings": {
                        "_column_size": 25,
                        "_inline_size": null,
                        "_inline_size_tablet": 30,
                        "background_background": "classic",
                        "background_color": "#1d3e62"
                    },
                    "elements": [
                        {
                            "id": "e2a7da9",
                            "settings": {
                                "gap": "no",
                                "height_inner": "min-height",
                                "custom_height_inner": {
                                    "unit": "px",
                                    "size": ""
                                }
                            },
                            "elements": [
                                {
                                    "id": "163895ac",
                                    "settings": {
                                        "_column_size": 100,
                                        "_inline_size": null,
                                        "background_color": "#1d3e62",
                                        "padding": {
                                            "unit": "px",
                                            "top": "20",
                                            "right": "20",
                                            "bottom": "20",
                                            "left": "20",
                                            "isLinked": true
                                        }
                                    },
                                    "elements": [
                                        {
                                            "id": "287347e7",
                                            "settings": {
                                                "title": "How much?",
                                                "header_size": "p",
                                                "align": "center",
                                                "title_color": "#efbb10",
                                                "typography_typography": "custom",
                                                "typography_font_family": "Rubik",
                                                "typography_font_size": {
                                                    "unit": "px",
                                                    "size": 19
                                                },
                                                "typography_font_weight": "500",
                                                "typography_text_transform": "uppercase",
                                                "typography_letter_spacing": {
                                                    "unit": "px",
                                                    "size": 1.2
                                                },
                                                "_animation_delay": 750,
                                                "align_mobile": "center"
                                            },
                                            "elements": [],
                                            "isInner": false,
                                            "widgetType": "heading",
                                            "elType": "widget"
                                        }
                                    ],
                                    "isInner": true,
                                    "elType": "column"
                                }
                            ],
                            "isInner": true,
                            "elType": "section"
                        },
                        {
                            "id": "16e8e820",
                            "settings": {
                                "gap": "no",
                                "custom_height_inner": {
                                    "unit": "px",
                                    "size": 83
                                },
                                "content_position": "middle"
                            },
                            "elements": [
                                {
                                    "id": "2e9a546b",
                                    "settings": {
                                        "_column_size": 100,
                                        "_inline_size": null,
                                        "background_color": "#1d3e62"
                                    },
                                    "elements": [
                                        {
                                            "id": "48c0c90b",
                                            "settings": {
                                                "title": "FREE",
                                                "header_size": "span",
                                                "align": "center",
                                                "title_color": "#ffffff",
                                                "typography_typography": "custom",
                                                "typography_font_family": "Rubik",
                                                "typography_font_size": {
                                                    "unit": "px",
                                                    "size": 76
                                                },
                                                "typography_font_weight": "500",
                                                "typography_text_transform": "uppercase",
                                                "typography_letter_spacing": {
                                                    "unit": "px",
                                                    "size": 1.2
                                                },
                                                "_animation_delay": 750,
                                                "align_mobile": "center"
                                            },
                                            "elements": [],
                                            "isInner": false,
                                            "widgetType": "heading",
                                            "elType": "widget"
                                        }
                                    ],
                                    "isInner": true,
                                    "elType": "column"
                                }
                            ],
                            "isInner": true,
                            "elType": "section"
                        },
                        {
                            "id": "40362cbd",
                            "settings": {
                                "gap": "no",
                                "height_inner": "min-height",
                                "custom_height_inner": {
                                    "unit": "px",
                                    "size": ""
                                }
                            },
                            "elements": [
                                {
                                    "id": "48894f79",
                                    "settings": {
                                        "_column_size": 100,
                                        "_inline_size": null,
                                        "background_color": "#1d3e62"
                                    },
                                    "elements": [
                                        {
                                            "id": "74084f8a",
                                            "settings": {
                                                "title": "Yep. Free!",
                                                "header_size": "p",
                                                "align": "center",
                                                "title_color": "#16799e",
                                                "typography_typography": "custom",
                                                "typography_font_family": "Rubik",
                                                "typography_font_size": {
                                                    "unit": "px",
                                                    "size": 19
                                                },
                                                "typography_font_weight": "500",
                                                "typography_text_transform": "uppercase",
                                                "typography_letter_spacing": {
                                                    "unit": "px",
                                                    "size": 1.2
                                                },
                                                "_animation_delay": 750,
                                                "align_mobile": "center"
                                            },
                                            "elements": [],
                                            "isInner": false,
                                            "widgetType": "heading",
                                            "elType": "widget"
                                        }
                                    ],
                                    "isInner": true,
                                    "elType": "column"
                                }
                            ],
                            "isInner": true,
                            "elType": "section"
                        }
                    ],
                    "isInner": false,
                    "elType": "column"
                }
            ],
            "isInner": false,
            "elType": "section"
        },
        {
            "id": "3c40e52e",
            "settings": {
                "gap": "no",
                "structure": "30",
                "height": "min-height",
                "custom_height": {
                    "unit": "px",
                    "size": 297
                },
                "column_position": "stretch",
                "content_position": "middle"
            },
            "elements": [
                {
                    "id": "5f115d14",
                    "settings": {
                        "_column_size": 33,
                        "_inline_size": null,
                        "_inline_size_tablet": 30,
                        "background_background": "classic",
                        "padding": {
                            "unit": "px",
                            "top": "30",
                            "right": "30",
                            "bottom": "30",
                            "left": "30",
                            "isLinked": true
                        }
                    },
                    "elements": [
                        {
                            "id": "25ff8c1f",
                            "settings": {
                                "title": "Organisers",
                                "header_size": "p",
                                "align": "left",
                                "title_color": "#efbb10",
                                "typography_typography": "custom",
                                "typography_font_family": "Rubik",
                                "typography_font_size": {
                                    "unit": "px",
                                    "size": 19
                                },
                                "typography_font_weight": "500",
                                "typography_text_transform": "uppercase",
                                "typography_letter_spacing": {
                                    "unit": "px",
                                    "size": 1.2
                                },
                                "_animation_delay": 750,
                                "align_mobile": "center"
                            },
                            "elements": [],
                            "isInner": false,
                            "widgetType": "heading",
                            "elType": "widget"
                        },
                        {
                            "id": "515987e2",
                            "settings": {
                                "image": {
                                    "url": "https:\/\/wp.envatoextensions.com\/collection-11\/wp-content\/uploads\/sites\/14\/2018\/06\/woman-young.jpg",
                                    "id": 67
                                },
                                "thumbnail_size": "thumbnail",
                                "title_text": "Daisy Smitherson",
                                "description_text": "",
                                "position": "left",
                                "image_space_mobile": {
                                    "unit": "px",
                                    "size": 0
                                },
                                "image_size_mobile": {
                                    "unit": "%",
                                    "size": 30
                                },
                                "content_vertical_alignment": "middle",
                                "title_bottom_space_mobile": {
                                    "unit": "px",
                                    "size": 0
                                },
                                "title_color": "#7a7a7a",
                                "title_typography_typography": "custom",
                                "title_typography_font_weight": "400"
                            },
                            "elements": [],
                            "isInner": false,
                            "widgetType": "image-box",
                            "elType": "widget"
                        },
                        {
                            "id": "79789b81",
                            "settings": {
                                "image": {
                                    "url": "https:\/\/wp.envatoextensions.com\/collection-11\/wp-content\/uploads\/sites\/14\/2018\/06\/man.jpg",
                                    "id": 68
                                },
                                "thumbnail_size": "thumbnail",
                                "title_text": "Cameron Hogswallop",
                                "description_text": "",
                                "position": "left",
                                "image_space_mobile": {
                                    "unit": "px",
                                    "size": 0
                                },
                                "image_size_mobile": {
                                    "unit": "%",
                                    "size": 30
                                },
                                "content_vertical_alignment": "middle",
                                "title_bottom_space_mobile": {
                                    "unit": "px",
                                    "size": 0
                                },
                                "title_color": "#7a7a7a",
                                "title_typography_typography": "custom",
                                "title_typography_font_weight": "400"
                            },
                            "elements": [],
                            "isInner": false,
                            "widgetType": "image-box",
                            "elType": "widget"
                        },
                        {
                            "id": "3d76fcc6",
                            "settings": {
                                "image": {
                                    "url": "https:\/\/wp.envatoextensions.com\/collection-11\/wp-content\/uploads\/sites\/14\/2018\/06\/woman-old.jpg",
                                    "id": 69
                                },
                                "thumbnail_size": "thumbnail",
                                "title_text": "Catherine Sullivan",
                                "description_text": "",
                                "position": "left",
                                "image_space_mobile": {
                                    "unit": "px",
                                    "size": 0
                                },
                                "image_size_mobile": {
                                    "unit": "%",
                                    "size": 30
                                },
                                "content_vertical_alignment": "middle",
                                "title_bottom_space_mobile": {
                                    "unit": "px",
                                    "size": 0
                                },
                                "title_color": "#7a7a7a",
                                "title_typography_typography": "custom",
                                "title_typography_font_weight": "400"
                            },
                            "elements": [],
                            "isInner": false,
                            "widgetType": "image-box",
                            "elType": "widget"
                        }
                    ],
                    "isInner": false,
                    "elType": "column"
                },
                {
                    "id": "4452f37a",
                    "settings": {
                        "_column_size": 33,
                        "_inline_size": null,
                        "background_background": "classic",
                        "background_color": "#f5553b",
                        "padding": {
                            "unit": "px",
                            "top": "0",
                            "right": "0",
                            "bottom": "0",
                            "left": "0",
                            "isLinked": true
                        },
                        "_inline_size_tablet": 27,
                        "space_between_widgets": 0
                    },
                    "elements": [
                        {
                            "id": "2e9660ff",
                            "settings": {
                                "address": "Royal Botanic Gardens Melbourne",
                                "zoom": {
                                    "unit": "px",
                                    "size": 16
                                },
                                "height": {
                                    "unit": "px",
                                    "size": 365
                                },
                                "height_tablet": {
                                    "unit": "px",
                                    "size": 386
                                },
                                "css_filters_saturate": {
                                    "unit": "px",
                                    "size": 0
                                },
                                "css_filters_hover_css_filter": "custom",
                                "_background_background": "classic",
                                "_background_color": "#f5553b"
                            },
                            "elements": [],
                            "isInner": false,
                            "widgetType": "google_maps",
                            "elType": "widget"
                        }
                    ],
                    "isInner": false,
                    "elType": "column"
                },
                {
                    "id": "507f70fd",
                    "settings": {
                        "_column_size": 33,
                        "_inline_size": null,
                        "_inline_size_tablet": 43,
                        "space_between_widgets": 0,
                        "background_background": "classic",
                        "background_color": "#f5553b",
                        "padding_mobile": {
                            "unit": "px",
                            "top": "30",
                            "right": "30",
                            "bottom": "30",
                            "left": "30",
                            "isLinked": true
                        }
                    },
                    "elements": [
                        {
                            "id": "59d33590",
                            "settings": {
                                "title": "Where?",
                                "header_size": "p",
                                "align": "center",
                                "title_color": "#efbb10",
                                "typography_typography": "custom",
                                "typography_font_family": "Rubik",
                                "typography_font_size": {
                                    "unit": "px",
                                    "size": 19
                                },
                                "typography_font_weight": "500",
                                "typography_text_transform": "uppercase",
                                "typography_letter_spacing": {
                                    "unit": "px",
                                    "size": 1.2
                                },
                                "_animation_delay": 750,
                                "align_mobile": "center",
                                "_padding": {
                                    "unit": "px",
                                    "top": "0",
                                    "right": "20",
                                    "bottom": "20",
                                    "left": "20",
                                    "isLinked": false
                                }
                            },
                            "elements": [],
                            "isInner": false,
                            "widgetType": "heading",
                            "elType": "widget"
                        },
                        {
                            "id": "430aabe6",
                            "settings": {
                                "title": "Royal Botanic Gardens Victoria",
                                "header_size": "span",
                                "align": "center",
                                "title_color": "#ffffff",
                                "typography_typography": "custom",
                                "typography_font_family": "Rubik",
                                "typography_font_size": {
                                    "unit": "px",
                                    "size": 30
                                },
                                "typography_font_weight": "500",
                                "typography_text_transform": "uppercase",
                                "typography_letter_spacing": {
                                    "unit": "px",
                                    "size": 1.2
                                },
                                "_animation_delay": 750,
                                "align_mobile": "center"
                            },
                            "elements": [],
                            "isInner": false,
                            "widgetType": "heading",
                            "elType": "widget"
                        },
                        {
                            "id": "649965af",
                            "settings": {
                                "title": "Birdwood Ave, South Yarra",
                                "header_size": "p",
                                "align": "center",
                                "title_color": "#e7e7e7",
                                "typography_typography": "custom",
                                "typography_font_family": "Rubik",
                                "typography_font_size": {
                                    "unit": "px",
                                    "size": 19
                                },
                                "typography_font_weight": "500",
                                "typography_text_transform": "uppercase",
                                "typography_letter_spacing": {
                                    "unit": "px",
                                    "size": 1.2
                                },
                                "_animation_delay": 750,
                                "align_mobile": "center"
                            },
                            "elements": [],
                            "isInner": false,
                            "widgetType": "heading",
                            "elType": "widget"
                        }
                    ],
                    "isInner": false,
                    "elType": "column"
                }
            ],
            "isInner": false,
            "elType": "section"
        },
        {
            "id": "4d88b822",
            "settings": {
                "gap": "no",
                "height": "min-height",
                "custom_height": {
                    "unit": "px",
                    "size": 297
                },
                "column_position": "stretch",
                "content_position": "middle"
            },
            "elements": [
                {
                    "id": "4106886a",
                    "settings": {
                        "_column_size": 100,
                        "_inline_size": null,
                        "background_background": "classic",
                        "background_color": "#efbb10"
                    },
                    "elements": [
                        {
                            "id": "62b9c174",
                            "settings": {
                                "title": "Doooooooooooooo it!",
                                "header_size": "p",
                                "align": "center",
                                "title_color": "#f5553b",
                                "typography_typography": "custom",
                                "typography_font_family": "Leckerli One",
                                "typography_font_size": {
                                    "unit": "px",
                                    "size": 67
                                },
                                "typography_font_weight": "500",
                                "typography_letter_spacing": {
                                    "unit": "px",
                                    "size": 1.2
                                },
                                "_animation_delay": 750,
                                "align_mobile": "center",
                                "typography_line_height": {
                                    "unit": "em",
                                    "size": 0.69999999999999996
                                },
                                "blend_mode": "multiply",
                                "_margin": {
                                    "unit": "px",
                                    "top": "0",
                                    "right": "0",
                                    "bottom": "-70",
                                    "left": "0",
                                    "isLinked": false
                                }
                            },
                            "elements": [],
                            "isInner": false,
                            "widgetType": "heading",
                            "elType": "widget"
                        },
                        {
                            "id": "7d83d898",
                            "settings": {
                                "text": "Register now",
                                "align": "center",
                                "size": "xl",
                                "typography_typography": "custom",
                                "typography_font_size": {
                                    "unit": "px",
                                    "size": 25
                                },
                                "typography_text_transform": "uppercase",
                                "typography_letter_spacing": {
                                    "unit": "px",
                                    "size": 1.2
                                },
                                "button_text_color": "#16799e",
                                "background_color": "#ffffff",
                                "border_radius": {
                                    "unit": "px",
                                    "top": "10",
                                    "right": "10",
                                    "bottom": "10",
                                    "left": "10",
                                    "isLinked": true
                                },
                                "button_box_shadow_box_shadow_type": "yes",
                                "button_box_shadow_box_shadow": {
                                    "horizontal": 0,
                                    "vertical": 11,
                                    "blur": 16,
                                    "spread": 1,
                                    "color": "rgba(36,65,96,0.22)"
                                },
                                "text_padding": {
                                    "unit": "em",
                                    "top": "1",
                                    "right": "2",
                                    "bottom": "1",
                                    "left": "2",
                                    "isLinked": false
                                }
                            },
                            "elements": [],
                            "isInner": false,
                            "widgetType": "button",
                            "elType": "widget"
                        },
                        {
                            "id": "4e03c255",
                            "settings": {
                                "title": "Hurry! Strictly limited numbers",
                                "header_size": "p",
                                "align": "center",
                                "title_color": "#7a7a7a",
                                "typography_typography": "custom",
                                "typography_font_family": "Rubik",
                                "typography_font_size": {
                                    "unit": "px",
                                    "size": 12
                                },
                                "typography_font_weight": "500",
                                "typography_text_transform": "uppercase",
                                "typography_letter_spacing": {
                                    "unit": "px",
                                    "size": 1.2
                                },
                                "_animation_delay": 750,
                                "align_mobile": "center"
                            },
                            "elements": [],
                            "isInner": false,
                            "widgetType": "heading",
                            "elType": "widget"
                        }
                    ],
                    "isInner": false,
                    "elType": "column"
                }
            ],
            "isInner": false,
            "elType": "section"
        }
    ]
}