{
    "version": "0.4",
    "title": "Gallery 2",
    "type": "section",
    "metadata": {
        "template_type": "section",
        "elementor_pro_required": false,
        "wp_page_template": "default"
    },
    "content": [
        {
            "id": "11aab1ac",
            "settings": {
                "content_width": {
                    "unit": "px",
                    "size": 869
                },
                "height": "min-height",
                "custom_height": {
                    "unit": "px",
                    "size": 701
                },
                "column_position": "bottom",
                "background_background": "video",
                "background_video_link": "https:\/\/www.youtube.com\/watch?v=jucR9FzdbtY",
                "background_video_start": 80,
                "background_video_end": 100,
                "background_video_fallback": {
                    "url": "https:\/\/wp.envatoextensions.com\/collection-11\/wp-content\/uploads\/sites\/14\/2018\/06\/trianglify-yellow-orange.jpg",
                    "id": 174
                },
                "background_overlay_background": "gradient",
                "background_overlay_color": "#efbb10",
                "background_overlay_color_b": "#f5553b",
                "background_overlay_gradient_angle": {
                    "unit": "deg",
                    "size": 310
                },
                "background_overlay_opacity": {
                    "unit": "px",
                    "size": 1
                },
                "css_filters_blur": {
                    "unit": "px",
                    "size": 6.4000000000000004
                },
                "css_filters_brightness": {
                    "unit": "px",
                    "size": 200
                },
                "css_filters_contrast": {
                    "unit": "px",
                    "size": 0
                },
                "css_filters_saturate": {
                    "unit": "px",
                    "size": 0
                },
                "overlay_blend_mode": "multiply",
                "shape_divider_bottom": "waves",
                "shape_divider_bottom_width": {
                    "unit": "%",
                    "size": 178
                },
                "shape_divider_bottom_height": {
                    "unit": "px",
                    "size": 54
                },
                "shape_divider_bottom_flip": "yes",
                "shape_divider_bottom_color": "#16799e",
                "padding": {
                    "unit": "px",
                    "top": "0",
                    "right": "0",
                    "bottom": "40",
                    "left": "0",
                    "isLinked": false
                },
                "shape_divider_bottom_height_mobile": {
                    "unit": "px",
                    "size": 11
                },
                "padding_mobile": {
                    "unit": "px",
                    "top": "0",
                    "right": "0",
                    "bottom": "100",
                    "left": "0",
                    "isLinked": false
                },
                "background_overlay_color_b_stop": {
                    "unit": "%",
                    "size": 39
                }
            },
            "elements": [
                {
                    "id": "72081d8c",
                    "settings": {
                        "_column_size": 100,
                        "background_background": "classic",
                        "margin": {
                            "unit": "px",
                            "top": "0",
                            "right": "0",
                            "bottom": "0",
                            "left": "0",
                            "isLinked": false
                        }
                    },
                    "elements": [
                        {
                            "id": "184b252e",
                            "settings": {
                                "title": "You look lovely today",
                                "header_size": "p",
                                "align": "center",
                                "title_color": "#e7e7e7",
                                "typography_typography": "custom",
                                "typography_font_family": "Rubik",
                                "typography_font_size": {
                                    "unit": "px",
                                    "size": 19
                                },
                                "typography_font_weight": "500",
                                "typography_text_transform": "uppercase",
                                "typography_letter_spacing": {
                                    "unit": "px",
                                    "size": 1.2
                                },
                                "_animation_delay": 750,
                                "align_mobile": "center"
                            },
                            "elements": [],
                            "isInner": false,
                            "widgetType": "heading",
                            "elType": "widget"
                        },
                        {
                            "id": "2d65acaf",
                            "settings": {
                                "title": "Gallery",
                                "align": "center",
                                "title_color": "#efbb10",
                                "typography_typography": "custom",
                                "typography_font_size": {
                                    "unit": "px",
                                    "size": 200
                                },
                                "typography_font_weight": "400",
                                "align_mobile": "center",
                                "typography_font_size_tablet": {
                                    "unit": "px",
                                    "size": 139
                                },
                                "typography_font_size_mobile": {
                                    "unit": "px",
                                    "size": 87
                                },
                                "typography_line_height_tablet": {
                                    "unit": "em",
                                    "size": ""
                                },
                                "typography_font_family": "Leckerli One",
                                "typography_line_height": {
                                    "unit": "em",
                                    "size": 0.69999999999999996
                                },
                                "text_shadow_text_shadow_type": "yes",
                                "text_shadow_text_shadow": {
                                    "horizontal": 0,
                                    "vertical": 9,
                                    "blur": 0,
                                    "color": "#bf1c48"
                                },
                                "_margin": {
                                    "unit": "px",
                                    "top": "12",
                                    "right": "0",
                                    "bottom": "50",
                                    "left": "10",
                                    "isLinked": false
                                },
                                "_animation": "fadeInUp",
                                "_animation_delay": 1000,
                                "typography_text_transform": "capitalize"
                            },
                            "elements": [],
                            "isInner": false,
                            "widgetType": "heading",
                            "elType": "widget"
                        },
                        {
                            "id": "66348b5a",
                            "settings": {
                                "editor": "<p>Lorem ipsum dolor sit amet, consectetur adipiscing elit. Ut elit tellus, luctus nec ullamcorper mattis, pulvinar dapibus leo.<\/p>",
                                "align": "center",
                                "text_color": "#ffffff",
                                "typography_typography": "custom",
                                "typography_font_size": {
                                    "unit": "px",
                                    "size": 18
                                },
                                "_margin": {
                                    "unit": "%",
                                    "top": "0",
                                    "right": "25",
                                    "bottom": "2",
                                    "left": "25",
                                    "isLinked": false
                                },
                                "_margin_mobile": {
                                    "unit": "px",
                                    "top": "0",
                                    "right": "0",
                                    "bottom": "0",
                                    "left": "0",
                                    "isLinked": false
                                }
                            },
                            "elements": [],
                            "isInner": false,
                            "widgetType": "text-editor",
                            "elType": "widget"
                        }
                    ],
                    "isInner": false,
                    "elType": "column"
                }
            ],
            "isInner": false,
            "elType": "section"
        },
        {
            "id": "4540d912",
            "settings": {
                "background_background": "gradient",
                "background_color": "#16799e",
                "background_color_stop": {
                    "unit": "%",
                    "size": 61
                },
                "background_color_b": "#efbb10",
                "background_color_b_stop": {
                    "unit": "%",
                    "size": 0
                },
                "padding": {
                    "unit": "px",
                    "top": "100",
                    "right": "0",
                    "bottom": "100",
                    "left": "0",
                    "isLinked": false
                },
                "background_overlay_background": "classic",
                "background_overlay_attachment": "fixed",
                "background_overlay_size": "cover",
                "background_overlay_opacity": {
                    "unit": "px",
                    "size": 0.25
                },
                "padding_mobile": {
                    "unit": "px",
                    "top": "40",
                    "right": "10",
                    "bottom": "40",
                    "left": "10",
                    "isLinked": false
                },
                "background_gradient_angle": {
                    "unit": "deg",
                    "size": 190
                }
            },
            "elements": [
                {
                    "id": "30a9796e",
                    "settings": {
                        "_column_size": 100,
                        "space_between_widgets": 0
                    },
                    "elements": [
                        {
                            "id": "6067ca1b",
                            "settings": {
                                "title": "Mosaic Grid",
                                "typography_typography": "custom",
                                "typography_font_size": {
                                    "unit": "px",
                                    "size": 96
                                },
                                "typography_text_transform": "uppercase",
                                "typography_letter_spacing": {
                                    "unit": "px",
                                    "size": 2
                                },
                                "text_shadow_text_shadow": {
                                    "horizontal": 0,
                                    "vertical": 3,
                                    "blur": 0,
                                    "color": "#262626"
                                },
                                "title_color": "#ffffff",
                                "_margin": {
                                    "unit": "px",
                                    "top": "0",
                                    "right": "0",
                                    "bottom": "-23",
                                    "left": "-20",
                                    "isLinked": false
                                },
                                "align_tablet": "right",
                                "align": "left",
                                "typography_font_size_mobile": {
                                    "unit": "px",
                                    "size": 56
                                },
                                "_margin_mobile": {
                                    "unit": "px",
                                    "top": "0",
                                    "right": "0",
                                    "bottom": "-15",
                                    "left": "0",
                                    "isLinked": false
                                }
                            },
                            "elements": [],
                            "isInner": false,
                            "widgetType": "heading",
                            "elType": "widget"
                        },
                        {
                            "id": "439cdb5e",
                            "settings": {
                                "gap": "narrow",
                                "custom_height_inner": {
                                    "unit": "px",
                                    "size": ""
                                },
                                "content_position": "middle",
                                "structure": "30",
                                "background_background": "classic",
                                "background_color": "#ffffff",
                                "box_shadow_box_shadow_type": "yes",
                                "box_shadow_box_shadow": {
                                    "horizontal": 0,
                                    "vertical": 0,
                                    "blur": 57,
                                    "spread": 0,
                                    "color": "rgba(0,0,0,0.5)"
                                }
                            },
                            "elements": [
                                {
                                    "id": "6ca52dd0",
                                    "settings": {
                                        "_column_size": 33,
                                        "_inline_size": null,
                                        "space_between_widgets": 10,
                                        "background_background": "classic",
                                        "background_position": "center center",
                                        "background_size": "cover",
                                        "padding": {
                                            "unit": "px",
                                            "top": "10",
                                            "right": "5",
                                            "bottom": "10",
                                            "left": "10",
                                            "isLinked": false
                                        },
                                        "padding_mobile": {
                                            "unit": "px",
                                            "top": "10",
                                            "right": "10",
                                            "bottom": "10",
                                            "left": "10",
                                            "isLinked": true
                                        }
                                    },
                                    "elements": [
                                        {
                                            "id": "5cedc680",
                                            "settings": {
                                                "image": {
                                                    "url": "https:\/\/wp.envatoextensions.com\/collection-11\/wp-content\/uploads\/sites\/14\/2018\/06\/victor-freitas-549196-unsplash-1.jpg",
                                                    "id": 54
                                                },
                                                "image_size": "custom",
                                                "image_custom_dimension": {
                                                    "width": "400",
                                                    "height": "400"
                                                }
                                            },
                                            "elements": [],
                                            "isInner": false,
                                            "widgetType": "image",
                                            "elType": "widget"
                                        },
                                        {
                                            "id": "2eed5da3",
                                            "settings": {
                                                "image": {
                                                    "url": "https:\/\/wp.envatoextensions.com\/collection-11\/wp-content\/uploads\/sites\/14\/2018\/06\/yoga-3053488_1920-2.jpg",
                                                    "id": 99
                                                },
                                                "image_size": "custom",
                                                "image_custom_dimension": {
                                                    "width": "400",
                                                    "height": "800"
                                                }
                                            },
                                            "elements": [],
                                            "isInner": false,
                                            "widgetType": "image",
                                            "elType": "widget"
                                        }
                                    ],
                                    "isInner": true,
                                    "elType": "column"
                                },
                                {
                                    "id": "71c5cc1a",
                                    "settings": {
                                        "_column_size": 33,
                                        "_inline_size": null,
                                        "space_between_widgets": 10,
                                        "background_background": "classic",
                                        "padding": {
                                            "unit": "px",
                                            "top": "10",
                                            "right": "5",
                                            "bottom": "10",
                                            "left": "5",
                                            "isLinked": false
                                        },
                                        "padding_mobile": {
                                            "unit": "px",
                                            "top": "10",
                                            "right": "10",
                                            "bottom": "10",
                                            "left": "10",
                                            "isLinked": true
                                        }
                                    },
                                    "elements": [
                                        {
                                            "id": "5602cdf3",
                                            "settings": {
                                                "image": {
                                                    "url": "https:\/\/wp.envatoextensions.com\/collection-11\/wp-content\/uploads\/sites\/14\/2018\/06\/victor-freitas-570027-unsplash-1.jpg",
                                                    "id": 55
                                                },
                                                "image_size": "custom",
                                                "image_custom_dimension": {
                                                    "width": "400",
                                                    "height": "800"
                                                }
                                            },
                                            "elements": [],
                                            "isInner": false,
                                            "widgetType": "image",
                                            "elType": "widget"
                                        },
                                        {
                                            "id": "1f89cd2",
                                            "settings": {
                                                "image": {
                                                    "url": "https:\/\/wp.envatoextensions.com\/collection-11\/wp-content\/uploads\/sites\/14\/2018\/06\/sport-2250970_1920-2.jpg",
                                                    "id": 93
                                                },
                                                "image_size": "custom",
                                                "image_custom_dimension": {
                                                    "width": "400",
                                                    "height": "400"
                                                }
                                            },
                                            "elements": [],
                                            "isInner": false,
                                            "widgetType": "image",
                                            "elType": "widget"
                                        }
                                    ],
                                    "isInner": true,
                                    "elType": "column"
                                },
                                {
                                    "id": "74f656d3",
                                    "settings": {
                                        "_column_size": 33,
                                        "_inline_size": null,
                                        "space_between_widgets": 10,
                                        "padding": {
                                            "unit": "px",
                                            "top": "10",
                                            "right": "10",
                                            "bottom": "10",
                                            "left": "5",
                                            "isLinked": false
                                        },
                                        "padding_mobile": {
                                            "unit": "px",
                                            "top": "10",
                                            "right": "10",
                                            "bottom": "10",
                                            "left": "10",
                                            "isLinked": true
                                        }
                                    },
                                    "elements": [
                                        {
                                            "id": "71ed8600",
                                            "settings": {
                                                "image": {
                                                    "url": "https:\/\/wp.envatoextensions.com\/collection-11\/wp-content\/uploads\/sites\/14\/2018\/06\/taylor-kiser-373480-unsplash-1.jpg",
                                                    "id": 52
                                                },
                                                "image_size": "custom",
                                                "image_custom_dimension": {
                                                    "width": "400",
                                                    "height": "200"
                                                }
                                            },
                                            "elements": [],
                                            "isInner": false,
                                            "widgetType": "image",
                                            "elType": "widget"
                                        },
                                        {
                                            "id": "508416a9",
                                            "settings": {
                                                "image": {
                                                    "url": "https:\/\/wp.envatoextensions.com\/collection-11\/wp-content\/uploads\/sites\/14\/2018\/06\/crew-22256-unsplash-1.jpg",
                                                    "id": 37
                                                },
                                                "image_size": "custom",
                                                "image_custom_dimension": {
                                                    "width": "400",
                                                    "height": "800"
                                                }
                                            },
                                            "elements": [],
                                            "isInner": false,
                                            "widgetType": "image",
                                            "elType": "widget"
                                        },
                                        {
                                            "id": "50c6552e",
                                            "settings": {
                                                "image": {
                                                    "url": "https:\/\/wp.envatoextensions.com\/collection-11\/wp-content\/uploads\/sites\/14\/2018\/06\/redd-angelo-14425-unsplash-2.jpg",
                                                    "id": 90
                                                },
                                                "image_size": "custom",
                                                "image_custom_dimension": {
                                                    "width": "400",
                                                    "height": "200"
                                                }
                                            },
                                            "elements": [],
                                            "isInner": false,
                                            "widgetType": "image",
                                            "elType": "widget"
                                        }
                                    ],
                                    "isInner": true,
                                    "elType": "column"
                                }
                            ],
                            "isInner": true,
                            "elType": "section"
                        }
                    ],
                    "isInner": false,
                    "elType": "column"
                }
            ],
            "isInner": false,
            "elType": "section"
        },
        {
            "id": "38cba418",
            "settings": {
                "background_background": "gradient",
                "background_color": "#efbb10",
                "background_color_stop": {
                    "unit": "%",
                    "size": 76
                },
                "background_color_b": "#f5553b",
                "background_color_b_stop": {
                    "unit": "%",
                    "size": 0
                },
                "padding": {
                    "unit": "px",
                    "top": "0",
                    "right": "0",
                    "bottom": "100",
                    "left": "0",
                    "isLinked": false
                },
                "background_overlay_background": "classic",
                "background_overlay_attachment": "fixed",
                "background_overlay_size": "cover",
                "background_overlay_opacity": {
                    "unit": "px",
                    "size": 0.25
                },
                "content_width": {
                    "unit": "px",
                    "size": 1600
                },
                "layout": "full_width"
            },
            "elements": [
                {
                    "id": "37d8b8a0",
                    "settings": {
                        "_column_size": 100,
                        "space_between_widgets": 0
                    },
                    "elements": [
                        {
                            "id": "30be2e0d",
                            "settings": {
                                "title": "Full width",
                                "typography_typography": "custom",
                                "typography_font_size": {
                                    "unit": "px",
                                    "size": 96
                                },
                                "typography_text_transform": "uppercase",
                                "typography_letter_spacing": {
                                    "unit": "px",
                                    "size": 2
                                },
                                "text_shadow_text_shadow": {
                                    "horizontal": 0,
                                    "vertical": 3,
                                    "blur": 0,
                                    "color": "#262626"
                                },
                                "title_color": "#ffffff",
                                "_margin": {
                                    "unit": "px",
                                    "top": "0",
                                    "right": "0",
                                    "bottom": "-23",
                                    "left": "-20",
                                    "isLinked": false
                                },
                                "align_tablet": "right",
                                "align": "right",
                                "typography_font_size_mobile": {
                                    "unit": "px",
                                    "size": 56
                                },
                                "_margin_mobile": {
                                    "unit": "px",
                                    "top": "0",
                                    "right": "0",
                                    "bottom": "-15",
                                    "left": "0",
                                    "isLinked": false
                                }
                            },
                            "elements": [],
                            "isInner": false,
                            "widgetType": "heading",
                            "elType": "widget"
                        },
                        {
                            "id": "7d516c96",
                            "settings": {
                                "wp_gallery": [
                                    {
                                        "id": 80,
                                        "url": "https:\/\/wp.envatoextensions.com\/collection-11\/wp-content\/uploads\/sites\/14\/2018\/06\/cyril-saulnier-250098-unsplash-2.jpg"
                                    },
                                    {
                                        "id": 96,
                                        "url": "https:\/\/wp.envatoextensions.com\/collection-11\/wp-content\/uploads\/sites\/14\/2018\/06\/victor-freitas-549196-unsplash-2.jpg"
                                    },
                                    {
                                        "id": 84,
                                        "url": "https:\/\/wp.envatoextensions.com\/collection-11\/wp-content\/uploads\/sites\/14\/2018\/06\/emily-sea-198689-unsplash-2.jpg"
                                    },
                                    {
                                        "id": 85,
                                        "url": "https:\/\/wp.envatoextensions.com\/collection-11\/wp-content\/uploads\/sites\/14\/2018\/06\/justyn-warner-541680-unsplash-2.jpg"
                                    },
                                    {
                                        "id": 86,
                                        "url": "https:\/\/wp.envatoextensions.com\/collection-11\/wp-content\/uploads\/sites\/14\/2018\/06\/kyle-johnson-389070-unsplash-2.jpg"
                                    },
                                    {
                                        "id": 90,
                                        "url": "https:\/\/wp.envatoextensions.com\/collection-11\/wp-content\/uploads\/sites\/14\/2018\/06\/redd-angelo-14425-unsplash-2.jpg"
                                    },
                                    {
                                        "id": 91,
                                        "url": "https:\/\/wp.envatoextensions.com\/collection-11\/wp-content\/uploads\/sites\/14\/2018\/06\/scott-webb-22537-unsplash-2.jpg"
                                    },
                                    {
                                        "id": 92,
                                        "url": "https:\/\/wp.envatoextensions.com\/collection-11\/wp-content\/uploads\/sites\/14\/2018\/06\/sport-2245029_1920-2.jpg"
                                    },
                                    {
                                        "id": 95,
                                        "url": "https:\/\/wp.envatoextensions.com\/collection-11\/wp-content\/uploads\/sites\/14\/2018\/06\/victor-freitas-546919-unsplash-2.jpg"
                                    },
                                    {
                                        "id": 97,
                                        "url": "https:\/\/wp.envatoextensions.com\/collection-11\/wp-content\/uploads\/sites\/14\/2018\/06\/victor-freitas-570027-unsplash-2.jpg"
                                    },
                                    {
                                        "id": 98,
                                        "url": "https:\/\/wp.envatoextensions.com\/collection-11\/wp-content\/uploads\/sites\/14\/2018\/06\/victor-freitas-588466-unsplash-2.jpg"
                                    },
                                    {
                                        "id": 99,
                                        "url": "https:\/\/wp.envatoextensions.com\/collection-11\/wp-content\/uploads\/sites\/14\/2018\/06\/yoga-3053488_1920-2.jpg"
                                    },
                                    {
                                        "id": 88,
                                        "url": "https:\/\/wp.envatoextensions.com\/collection-11\/wp-content\/uploads\/sites\/14\/2018\/06\/mark-solarski-252519-unsplash-2.jpg"
                                    },
                                    {
                                        "id": 81,
                                        "url": "https:\/\/wp.envatoextensions.com\/collection-11\/wp-content\/uploads\/sites\/14\/2018\/06\/danielle-macinnes-222343-unsplash-2.jpg"
                                    },
                                    {
                                        "id": 79,
                                        "url": "https:\/\/wp.envatoextensions.com\/collection-11\/wp-content\/uploads\/sites\/14\/2018\/06\/crew-22256-unsplash-2.jpg"
                                    },
                                    {
                                        "id": 78,
                                        "url": "https:\/\/wp.envatoextensions.com\/collection-11\/wp-content\/uploads\/sites\/14\/2018\/06\/bruce-mars-558705-unsplash-2.jpg"
                                    }
                                ],
                                "thumbnail_size": "medium",
                                "gallery_columns": "8",
                                "image_spacing": "custom",
                                "image_border_border": "solid",
                                "image_border_width": {
                                    "unit": "px",
                                    "top": "7",
                                    "right": "7",
                                    "bottom": "35",
                                    "left": "7",
                                    "isLinked": false
                                },
                                "image_border_color": "#ffffff",
                                "text_color": "#7a7a7a",
                                "typography_typography": "custom",
                                "typography_font_size": {
                                    "unit": "px",
                                    "size": 13
                                },
                                "typography_font_weight": "400",
                                "typography_text_transform": "uppercase",
                                "_css_classes": "envato-kit-11-gallery_rotate-images",
                                "gallery_rand": "rand",
                                "_margin": {
                                    "unit": "px",
                                    "top": "20",
                                    "right": "20",
                                    "bottom": "20",
                                    "left": "20",
                                    "isLinked": true
                                }
                            },
                            "elements": [],
                            "isInner": false,
                            "widgetType": "image-gallery",
                            "elType": "widget"
                        }
                    ],
                    "isInner": false,
                    "elType": "column"
                }
            ],
            "isInner": false,
            "elType": "section"
        },
        {
            "id": "709f51a1",
            "settings": {
                "background_background": "classic",
                "background_color": "#f5553b",
                "background_color_stop": {
                    "unit": "%",
                    "size": 76
                },
                "background_color_b": "#f5553b",
                "background_color_b_stop": {
                    "unit": "%",
                    "size": 0
                },
                "padding": {
                    "unit": "px",
                    "top": "0",
                    "right": "0",
                    "bottom": "100",
                    "left": "0",
                    "isLinked": false
                },
                "background_overlay_background": "classic",
                "background_overlay_attachment": "fixed",
                "background_overlay_size": "cover",
                "background_overlay_opacity": {
                    "unit": "px",
                    "size": 0.25
                }
            },
            "elements": [
                {
                    "id": "21faf976",
                    "settings": {
                        "_column_size": 100,
                        "space_between_widgets": 0
                    },
                    "elements": [
                        {
                            "id": "351c56e5",
                            "settings": {
                                "title": "Featured image",
                                "typography_typography": "custom",
                                "typography_font_size": {
                                    "unit": "px",
                                    "size": 96
                                },
                                "typography_text_transform": "uppercase",
                                "typography_letter_spacing": {
                                    "unit": "px",
                                    "size": 2
                                },
                                "text_shadow_text_shadow": {
                                    "horizontal": 0,
                                    "vertical": 3,
                                    "blur": 0,
                                    "color": "#262626"
                                },
                                "title_color": "#ffffff",
                                "_margin": {
                                    "unit": "px",
                                    "top": "0",
                                    "right": "0",
                                    "bottom": "-23",
                                    "left": "-20",
                                    "isLinked": false
                                },
                                "align_tablet": "right",
                                "align": "left",
                                "typography_font_size_mobile": {
                                    "unit": "px",
                                    "size": 56
                                },
                                "_margin_mobile": {
                                    "unit": "px",
                                    "top": "0",
                                    "right": "0",
                                    "bottom": "-15",
                                    "left": "0",
                                    "isLinked": false
                                }
                            },
                            "elements": [],
                            "isInner": false,
                            "widgetType": "heading",
                            "elType": "widget"
                        },
                        {
                            "id": "75cbba79",
                            "settings": {
                                "image": {
                                    "url": "https:\/\/wp.envatoextensions.com\/collection-11\/wp-content\/uploads\/sites\/14\/2018\/06\/kyle-johnson-389070-unsplash-1.jpg",
                                    "id": 44
                                },
                                "image_size": "custom",
                                "image_custom_dimension": {
                                    "width": "1600",
                                    "height": "900"
                                },
                                "link_to": "file",
                                "image_border_width": {
                                    "unit": "px",
                                    "top": "9",
                                    "right": "9",
                                    "bottom": "9",
                                    "left": "9",
                                    "isLinked": true
                                },
                                "image_border_color": "#ffffff",
                                "image_border_radius": {
                                    "unit": "px",
                                    "top": "4",
                                    "right": "5",
                                    "bottom": "4",
                                    "left": "2",
                                    "isLinked": false
                                },
                                "image_box_shadow_box_shadow": {
                                    "horizontal": 0,
                                    "vertical": 0,
                                    "blur": 37,
                                    "spread": 0,
                                    "color": "rgba(0,0,0,0.5)"
                                },
                                "_margin": {
                                    "unit": "px",
                                    "top": "0",
                                    "right": "-0",
                                    "bottom": "-3",
                                    "left": "0",
                                    "isLinked": false
                                },
                                "_z_index": 1,
                                "_background_background": "classic",
                                "_background_color": "#fcfcfc",
                                "_border_border": "solid",
                                "_border_width": {
                                    "unit": "px",
                                    "top": "10",
                                    "right": "10",
                                    "bottom": "10",
                                    "left": "10",
                                    "isLinked": true
                                },
                                "_border_color": "#fcfcfc",
                                "_border_radius": {
                                    "unit": "px",
                                    "top": "2",
                                    "right": "2",
                                    "bottom": "2",
                                    "left": "2",
                                    "isLinked": true
                                },
                                "_box_shadow_box_shadow_type": "yes",
                                "_box_shadow_box_shadow": {
                                    "horizontal": 0,
                                    "vertical": 0,
                                    "blur": 63,
                                    "spread": 0,
                                    "color": "rgba(0,0,0,0.5)"
                                }
                            },
                            "elements": [],
                            "isInner": false,
                            "widgetType": "image",
                            "elType": "widget"
                        },
                        {
                            "id": "63b474a",
                            "settings": {
                                "wp_gallery": [
                                    {
                                        "id": 80,
                                        "url": "https:\/\/wp.envatoextensions.com\/collection-11\/wp-content\/uploads\/sites\/14\/2018\/06\/cyril-saulnier-250098-unsplash-2.jpg"
                                    },
                                    {
                                        "id": 96,
                                        "url": "https:\/\/wp.envatoextensions.com\/collection-11\/wp-content\/uploads\/sites\/14\/2018\/06\/victor-freitas-549196-unsplash-2.jpg"
                                    },
                                    {
                                        "id": 84,
                                        "url": "https:\/\/wp.envatoextensions.com\/collection-11\/wp-content\/uploads\/sites\/14\/2018\/06\/emily-sea-198689-unsplash-2.jpg"
                                    },
                                    {
                                        "id": 85,
                                        "url": "https:\/\/wp.envatoextensions.com\/collection-11\/wp-content\/uploads\/sites\/14\/2018\/06\/justyn-warner-541680-unsplash-2.jpg"
                                    },
                                    {
                                        "id": 86,
                                        "url": "https:\/\/wp.envatoextensions.com\/collection-11\/wp-content\/uploads\/sites\/14\/2018\/06\/kyle-johnson-389070-unsplash-2.jpg"
                                    },
                                    {
                                        "id": 90,
                                        "url": "https:\/\/wp.envatoextensions.com\/collection-11\/wp-content\/uploads\/sites\/14\/2018\/06\/redd-angelo-14425-unsplash-2.jpg"
                                    },
                                    {
                                        "id": 91,
                                        "url": "https:\/\/wp.envatoextensions.com\/collection-11\/wp-content\/uploads\/sites\/14\/2018\/06\/scott-webb-22537-unsplash-2.jpg"
                                    },
                                    {
                                        "id": 92,
                                        "url": "https:\/\/wp.envatoextensions.com\/collection-11\/wp-content\/uploads\/sites\/14\/2018\/06\/sport-2245029_1920-2.jpg"
                                    },
                                    {
                                        "id": 95,
                                        "url": "https:\/\/wp.envatoextensions.com\/collection-11\/wp-content\/uploads\/sites\/14\/2018\/06\/victor-freitas-546919-unsplash-2.jpg"
                                    },
                                    {
                                        "id": 97,
                                        "url": "https:\/\/wp.envatoextensions.com\/collection-11\/wp-content\/uploads\/sites\/14\/2018\/06\/victor-freitas-570027-unsplash-2.jpg"
                                    },
                                    {
                                        "id": 98,
                                        "url": "https:\/\/wp.envatoextensions.com\/collection-11\/wp-content\/uploads\/sites\/14\/2018\/06\/victor-freitas-588466-unsplash-2.jpg"
                                    },
                                    {
                                        "id": 99,
                                        "url": "https:\/\/wp.envatoextensions.com\/collection-11\/wp-content\/uploads\/sites\/14\/2018\/06\/yoga-3053488_1920-2.jpg"
                                    }
                                ],
                                "thumbnail_size": "medium",
                                "gallery_columns": "4",
                                "image_spacing": "custom",
                                "image_border_border": "solid",
                                "image_border_width": {
                                    "unit": "px",
                                    "top": "7",
                                    "right": "7",
                                    "bottom": "35",
                                    "left": "7",
                                    "isLinked": false
                                },
                                "image_border_color": "#ffffff",
                                "text_color": "#7a7a7a",
                                "typography_typography": "custom",
                                "typography_font_size": {
                                    "unit": "px",
                                    "size": 13
                                },
                                "typography_font_weight": "400",
                                "typography_text_transform": "uppercase",
                                "_css_classes": "envato-kit-11-gallery_rotate-images",
                                "_margin": {
                                    "unit": "px",
                                    "top": "0",
                                    "right": "10",
                                    "bottom": "0",
                                    "left": "10",
                                    "isLinked": false
                                }
                            },
                            "elements": [],
                            "isInner": false,
                            "widgetType": "image-gallery",
                            "elType": "widget"
                        }
                    ],
                    "isInner": false,
                    "elType": "column"
                }
            ],
            "isInner": false,
            "elType": "section"
        },
        {
            "id": "316bd400",
            "settings": {
                "content_width": {
                    "unit": "px",
                    "size": 700
                },
                "gap": "no",
                "custom_height": {
                    "unit": "px",
                    "size": 1200
                },
                "content_position": "middle",
                "padding": {
                    "unit": "px",
                    "top": "100",
                    "right": "0",
                    "bottom": "100",
                    "left": "0",
                    "isLinked": false
                },
                "padding_tablet": {
                    "unit": "px",
                    "top": "100",
                    "right": "25",
                    "bottom": "100",
                    "left": "25",
                    "isLinked": false
                },
                "padding_mobile": {
                    "unit": "px",
                    "top": "50",
                    "right": "20",
                    "bottom": "50",
                    "left": "20",
                    "isLinked": false
                },
                "background_background": "classic",
                "background_color": "#f9f9f9",
                "background_overlay_background": "gradient",
                "background_overlay_color": "#ffffff",
                "background_overlay_color_b": "rgba(255,255,255,0)",
                "background_overlay_gradient_type": "radial",
                "background_overlay_opacity": {
                    "unit": "px",
                    "size": 1
                }
            },
            "elements": [
                {
                    "id": "2e2ba7dd",
                    "settings": {
                        "_column_size": 100,
                        "space_between_widgets": 5
                    },
                    "elements": [
                        {
                            "id": "13e06183",
                            "settings": {
                                "title": "Call today",
                                "header_size": "h6",
                                "align": "center",
                                "title_color": "#16799e",
                                "typography_typography": "custom",
                                "typography_font_size": {
                                    "unit": "px",
                                    "size": 12
                                },
                                "typography_font_weight": "600",
                                "typography_text_transform": "uppercase",
                                "typography_letter_spacing": {
                                    "unit": "px",
                                    "size": 12
                                }
                            },
                            "elements": [],
                            "isInner": false,
                            "widgetType": "heading",
                            "elType": "widget"
                        },
                        {
                            "id": "3de5667d",
                            "settings": {
                                "title": "1300 000 000",
                                "align": "center",
                                "title_color": "#16799e",
                                "typography_typography": "custom",
                                "typography_font_size": {
                                    "unit": "px",
                                    "size": 74
                                },
                                "typography_font_weight": "900",
                                "typography_line_height": {
                                    "unit": "em",
                                    "size": 1
                                },
                                "typography_font_size_mobile": {
                                    "unit": "px",
                                    "size": 39
                                },
                                "header_size": "p",
                                "typography_font_size_tablet": {
                                    "unit": "px",
                                    "size": 79
                                },
                                "_animation": "fadeInUp"
                            },
                            "elements": [],
                            "isInner": false,
                            "widgetType": "heading",
                            "elType": "widget"
                        },
                        {
                            "id": "22df09fd",
                            "settings": {
                                "title": "We\u2019re open 24\/7 at 121 King Street, Melbourne VIC 3000",
                                "header_size": "h3",
                                "align": "center",
                                "title_color": "#494949",
                                "typography_typography": "custom",
                                "typography_font_size": {
                                    "unit": "px",
                                    "size": 20
                                },
                                "typography_font_weight": "400",
                                "typography_font_size_mobile": {
                                    "unit": "px",
                                    "size": 20
                                }
                            },
                            "elements": [],
                            "isInner": false,
                            "widgetType": "heading",
                            "elType": "widget"
                        },
                        {
                            "id": "2ca560ac",
                            "settings": {
                                "address": "121 King Street, Melbourne VIC 3000",
                                "zoom": {
                                    "unit": "px",
                                    "size": 18
                                },
                                "height": {
                                    "unit": "px",
                                    "size": 400
                                },
                                "_padding": {
                                    "unit": "px",
                                    "top": "0",
                                    "right": "0",
                                    "bottom": "0",
                                    "left": "0",
                                    "isLinked": false
                                },
                                "_padding_tablet": {
                                    "unit": "px",
                                    "top": "15",
                                    "right": "0",
                                    "bottom": "0",
                                    "left": "0",
                                    "isLinked": false
                                },
                                "_padding_mobile": {
                                    "unit": "px",
                                    "top": "15",
                                    "right": "0",
                                    "bottom": "0",
                                    "left": "0",
                                    "isLinked": false
                                },
                                "_margin": {
                                    "unit": "px",
                                    "top": "40",
                                    "right": "0",
                                    "bottom": "0",
                                    "left": "0",
                                    "isLinked": false
                                },
                                "_box_shadow_box_shadow_type": "yes",
                                "_box_shadow_box_shadow": {
                                    "horizontal": 0,
                                    "vertical": 3,
                                    "blur": 91,
                                    "spread": 0,
                                    "color": "rgba(0,0,0,0.15)"
                                }
                            },
                            "elements": [],
                            "isInner": false,
                            "widgetType": "google_maps",
                            "elType": "widget"
                        },
                        {
                            "id": "40310f70",
                            "settings": {
                                "social_icon_list": [
                                    {
                                        "social": "fa fa-facebook",
                                        "_id": "9c86cde",
                                        "link": {
                                            "url": "",
                                            "is_external": "true",
                                            "nofollow": ""
                                        }
                                    },
                                    {
                                        "social": "fa fa-twitter",
                                        "_id": "7f0e5c7",
                                        "link": {
                                            "url": "",
                                            "is_external": "true",
                                            "nofollow": ""
                                        }
                                    },
                                    {
                                        "social": "fa fa-google-plus",
                                        "_id": "7e1d56b",
                                        "link": {
                                            "url": "",
                                            "is_external": "true",
                                            "nofollow": ""
                                        }
                                    },
                                    {
                                        "social": "fa fa-instagram",
                                        "link": {
                                            "url": "",
                                            "is_external": "true",
                                            "nofollow": ""
                                        },
                                        "_id": "7b9d1bc"
                                    },
                                    {
                                        "social": "fa fa-youtube",
                                        "link": {
                                            "url": "",
                                            "is_external": "true",
                                            "nofollow": ""
                                        },
                                        "_id": "1cfae18"
                                    },
                                    {
                                        "social": "fa fa-pinterest",
                                        "link": {
                                            "url": "",
                                            "is_external": "true",
                                            "nofollow": ""
                                        },
                                        "_id": "6b9a598"
                                    }
                                ],
                                "icon_color": "custom",
                                "icon_primary_color": "rgba(245,85,59,0)",
                                "icon_secondary_color": "#16799e",
                                "icon_size": {
                                    "unit": "px",
                                    "size": 18
                                },
                                "icon_spacing": {
                                    "unit": "px",
                                    "size": 20
                                },
                                "hover_secondary_color": "#f5553b",
                                "hover_animation": "grow",
                                "_padding": {
                                    "unit": "px",
                                    "top": "20",
                                    "right": "0",
                                    "bottom": "0",
                                    "left": "0",
                                    "isLinked": false
                                },
                                "icon_spacing_mobile": {
                                    "unit": "px",
                                    "size": 12
                                },
                                "_padding_mobile": {
                                    "unit": "px",
                                    "top": "15",
                                    "right": "0",
                                    "bottom": "0",
                                    "left": "0",
                                    "isLinked": false
                                }
                            },
                            "elements": [],
                            "isInner": false,
                            "widgetType": "social-icons",
                            "elType": "widget"
                        }
                    ],
                    "isInner": false,
                    "elType": "column"
                }
            ],
            "isInner": false,
            "elType": "section"
        }
    ]
}