{
    "version": "0.4",
    "title": "Gallery",
    "type": "section",
    "metadata": {
        "template_type": "section",
        "elementor_pro_required": false,
        "wp_page_template": "default"
    },
    "content": [
        {
            "id": "768e67a7",
            "settings": {
                "content_width": {
                    "unit": "px",
                    "size": 869
                },
                "height": "min-height",
                "custom_height": {
                    "unit": "px",
                    "size": 712
                },
                "column_position": "bottom",
                "background_background": "video",
                "background_video_link": "https:\/\/www.youtube.com\/watch?v=wGj0apPk49w",
                "background_video_start": 12,
                "background_video_end": 21,
                "background_video_fallback": {
                    "url": "https:\/\/wp.envatoextensions.com\/collection-11\/wp-content\/uploads\/sites\/14\/2018\/07\/joshua-rawson-harris-523721-unsplash@2x.jpg",
                    "id": 224
                },
                "background_overlay_background": "classic",
                "background_overlay_color": "#16799e",
                "background_overlay_color_b": "#f5553b",
                "background_overlay_gradient_angle": {
                    "unit": "deg",
                    "size": 310
                },
                "background_overlay_opacity": {
                    "unit": "px",
                    "size": 1
                },
                "css_filters_blur": {
                    "unit": "px",
                    "size": 6.4000000000000004
                },
                "css_filters_brightness": {
                    "unit": "px",
                    "size": 200
                },
                "css_filters_contrast": {
                    "unit": "px",
                    "size": 0
                },
                "css_filters_saturate": {
                    "unit": "px",
                    "size": 0
                },
                "overlay_blend_mode": "multiply",
                "shape_divider_bottom": "curve",
                "shape_divider_bottom_width": {
                    "unit": "%",
                    "size": 127
                },
                "shape_divider_bottom_height": {
                    "unit": "px",
                    "size": 131
                },
                "shape_divider_bottom_flip": "yes",
                "shape_divider_bottom_color": "#16799e",
                "padding": {
                    "unit": "px",
                    "top": "0",
                    "right": "0",
                    "bottom": "0",
                    "left": "0",
                    "isLinked": false
                },
                "shape_divider_bottom_height_mobile": {
                    "unit": "px",
                    "size": 11
                },
                "padding_mobile": {
                    "unit": "px",
                    "top": "0",
                    "right": "0",
                    "bottom": "100",
                    "left": "0",
                    "isLinked": false
                }
            },
            "elements": [
                {
                    "id": "6157e410",
                    "settings": {
                        "_column_size": 100,
                        "background_background": "classic",
                        "margin": {
                            "unit": "px",
                            "top": "0",
                            "right": "0",
                            "bottom": "0",
                            "left": "0",
                            "isLinked": false
                        }
                    },
                    "elements": [
                        {
                            "id": "5cf53c87",
                            "settings": {
                                "title": "Smile for the camera!",
                                "header_size": "p",
                                "align": "center",
                                "title_color": "#e7e7e7",
                                "typography_typography": "custom",
                                "typography_font_family": "Rubik",
                                "typography_font_size": {
                                    "unit": "px",
                                    "size": 19
                                },
                                "typography_font_weight": "500",
                                "typography_text_transform": "uppercase",
                                "typography_letter_spacing": {
                                    "unit": "px",
                                    "size": 1.2
                                },
                                "_animation_delay": 750,
                                "align_mobile": "center"
                            },
                            "elements": [],
                            "isInner": false,
                            "widgetType": "heading",
                            "elType": "widget"
                        },
                        {
                            "id": "2ba40e4d",
                            "settings": {
                                "title": "Gallery",
                                "align": "center",
                                "title_color": "#bf1c48",
                                "typography_typography": "custom",
                                "typography_font_size": {
                                    "unit": "px",
                                    "size": 200
                                },
                                "typography_font_weight": "400",
                                "align_mobile": "center",
                                "typography_font_size_tablet": {
                                    "unit": "px",
                                    "size": 139
                                },
                                "typography_font_size_mobile": {
                                    "unit": "px",
                                    "size": 87
                                },
                                "typography_line_height_tablet": {
                                    "unit": "em",
                                    "size": ""
                                },
                                "typography_font_family": "Leckerli One",
                                "typography_line_height": {
                                    "unit": "em",
                                    "size": 0.69999999999999996
                                },
                                "text_shadow_text_shadow_type": "yes",
                                "text_shadow_text_shadow": {
                                    "horizontal": 0,
                                    "vertical": 9,
                                    "blur": 0,
                                    "color": "#1d3e62"
                                },
                                "_margin": {
                                    "unit": "px",
                                    "top": "12",
                                    "right": "0",
                                    "bottom": "50",
                                    "left": "10",
                                    "isLinked": false
                                },
                                "_animation": "fadeInUp",
                                "_animation_delay": 1000
                            },
                            "elements": [],
                            "isInner": false,
                            "widgetType": "heading",
                            "elType": "widget"
                        },
                        {
                            "id": "303129bd",
                            "settings": {
                                "editor": "<p>Lorem ipsum dolor sit amet, consectetur adipiscing elit. Ut elit tellus, luctus nec ullamcorper mattis, pulvinar dapibus leo.<\/p>",
                                "align": "center",
                                "text_color": "#ffffff",
                                "typography_typography": "custom",
                                "typography_font_size": {
                                    "unit": "px",
                                    "size": 18
                                },
                                "_margin": {
                                    "unit": "%",
                                    "top": "0",
                                    "right": "25",
                                    "bottom": "2",
                                    "left": "25",
                                    "isLinked": false
                                },
                                "_margin_mobile": {
                                    "unit": "px",
                                    "top": "0",
                                    "right": "0",
                                    "bottom": "0",
                                    "left": "0",
                                    "isLinked": false
                                }
                            },
                            "elements": [],
                            "isInner": false,
                            "widgetType": "text-editor",
                            "elType": "widget"
                        }
                    ],
                    "isInner": false,
                    "elType": "column"
                }
            ],
            "isInner": false,
            "elType": "section"
        },
        {
            "id": "5acd7ed0",
            "settings": {
                "background_background": "gradient",
                "background_color": "#16799e",
                "background_color_stop": {
                    "unit": "%",
                    "size": 76
                },
                "background_color_b": "#efbb10",
                "background_color_b_stop": {
                    "unit": "%",
                    "size": 0
                },
                "padding": {
                    "unit": "px",
                    "top": "100",
                    "right": "0",
                    "bottom": "100",
                    "left": "0",
                    "isLinked": false
                },
                "background_overlay_background": "classic",
                "background_overlay_attachment": "fixed",
                "background_overlay_size": "cover",
                "background_overlay_opacity": {
                    "unit": "px",
                    "size": 0.25
                },
                "padding_mobile": {
                    "unit": "px",
                    "top": "40",
                    "right": "10",
                    "bottom": "40",
                    "left": "10",
                    "isLinked": false
                }
            },
            "elements": [
                {
                    "id": "45e2c9da",
                    "settings": {
                        "_column_size": 100,
                        "space_between_widgets": 0
                    },
                    "elements": [
                        {
                            "id": "1ff54560",
                            "settings": {
                                "title": "Selfies",
                                "typography_typography": "custom",
                                "typography_font_size": {
                                    "unit": "px",
                                    "size": 96
                                },
                                "typography_text_transform": "uppercase",
                                "typography_letter_spacing": {
                                    "unit": "px",
                                    "size": 2
                                },
                                "text_shadow_text_shadow": {
                                    "horizontal": 0,
                                    "vertical": 3,
                                    "blur": 0,
                                    "color": "#262626"
                                },
                                "title_color": "#ffffff",
                                "_margin": {
                                    "unit": "px",
                                    "top": "0",
                                    "right": "0",
                                    "bottom": "-23",
                                    "left": "-20",
                                    "isLinked": false
                                },
                                "align_tablet": "right",
                                "align": "left",
                                "typography_font_size_mobile": {
                                    "unit": "px",
                                    "size": 56
                                },
                                "_margin_mobile": {
                                    "unit": "px",
                                    "top": "0",
                                    "right": "0",
                                    "bottom": "-15",
                                    "left": "0",
                                    "isLinked": false
                                }
                            },
                            "elements": [],
                            "isInner": false,
                            "widgetType": "heading",
                            "elType": "widget"
                        },
                        {
                            "id": "5d887bb9",
                            "settings": {
                                "wp_gallery": [
                                    {
                                        "id": 80,
                                        "url": "https:\/\/wp.envatoextensions.com\/collection-11\/wp-content\/uploads\/sites\/14\/2018\/06\/cyril-saulnier-250098-unsplash-2.jpg"
                                    },
                                    {
                                        "id": 96,
                                        "url": "https:\/\/wp.envatoextensions.com\/collection-11\/wp-content\/uploads\/sites\/14\/2018\/06\/victor-freitas-549196-unsplash-2.jpg"
                                    },
                                    {
                                        "id": 84,
                                        "url": "https:\/\/wp.envatoextensions.com\/collection-11\/wp-content\/uploads\/sites\/14\/2018\/06\/emily-sea-198689-unsplash-2.jpg"
                                    },
                                    {
                                        "id": 85,
                                        "url": "https:\/\/wp.envatoextensions.com\/collection-11\/wp-content\/uploads\/sites\/14\/2018\/06\/justyn-warner-541680-unsplash-2.jpg"
                                    },
                                    {
                                        "id": 86,
                                        "url": "https:\/\/wp.envatoextensions.com\/collection-11\/wp-content\/uploads\/sites\/14\/2018\/06\/kyle-johnson-389070-unsplash-2.jpg"
                                    },
                                    {
                                        "id": 90,
                                        "url": "https:\/\/wp.envatoextensions.com\/collection-11\/wp-content\/uploads\/sites\/14\/2018\/06\/redd-angelo-14425-unsplash-2.jpg"
                                    },
                                    {
                                        "id": 91,
                                        "url": "https:\/\/wp.envatoextensions.com\/collection-11\/wp-content\/uploads\/sites\/14\/2018\/06\/scott-webb-22537-unsplash-2.jpg"
                                    },
                                    {
                                        "id": 92,
                                        "url": "https:\/\/wp.envatoextensions.com\/collection-11\/wp-content\/uploads\/sites\/14\/2018\/06\/sport-2245029_1920-2.jpg"
                                    },
                                    {
                                        "id": 95,
                                        "url": "https:\/\/wp.envatoextensions.com\/collection-11\/wp-content\/uploads\/sites\/14\/2018\/06\/victor-freitas-546919-unsplash-2.jpg"
                                    },
                                    {
                                        "id": 97,
                                        "url": "https:\/\/wp.envatoextensions.com\/collection-11\/wp-content\/uploads\/sites\/14\/2018\/06\/victor-freitas-570027-unsplash-2.jpg"
                                    },
                                    {
                                        "id": 98,
                                        "url": "https:\/\/wp.envatoextensions.com\/collection-11\/wp-content\/uploads\/sites\/14\/2018\/06\/victor-freitas-588466-unsplash-2.jpg"
                                    },
                                    {
                                        "id": 99,
                                        "url": "https:\/\/wp.envatoextensions.com\/collection-11\/wp-content\/uploads\/sites\/14\/2018\/06\/yoga-3053488_1920-2.jpg"
                                    }
                                ],
                                "thumbnail_size": "medium",
                                "gallery_columns": "4",
                                "image_spacing": "custom",
                                "image_border_border": "solid",
                                "image_border_width": {
                                    "unit": "px",
                                    "top": "7",
                                    "right": "7",
                                    "bottom": "35",
                                    "left": "7",
                                    "isLinked": false
                                },
                                "image_border_color": "#ffffff",
                                "text_color": "#7a7a7a",
                                "typography_typography": "custom",
                                "typography_font_size": {
                                    "unit": "px",
                                    "size": 13
                                },
                                "typography_font_weight": "400",
                                "typography_text_transform": "uppercase",
                                "_css_classes": "envato-kit-11-gallery_rotate-images"
                            },
                            "elements": [],
                            "isInner": false,
                            "widgetType": "image-gallery",
                            "elType": "widget"
                        }
                    ],
                    "isInner": false,
                    "elType": "column"
                }
            ],
            "isInner": false,
            "elType": "section"
        },
        {
            "id": "3ec79501",
            "settings": {
                "background_background": "gradient",
                "background_color": "#efbb10",
                "background_color_stop": {
                    "unit": "%",
                    "size": 76
                },
                "background_color_b": "#f5553b",
                "background_color_b_stop": {
                    "unit": "%",
                    "size": 0
                },
                "padding": {
                    "unit": "px",
                    "top": "0",
                    "right": "0",
                    "bottom": "100",
                    "left": "0",
                    "isLinked": false
                },
                "background_overlay_background": "classic",
                "background_overlay_attachment": "fixed",
                "background_overlay_size": "cover",
                "background_overlay_opacity": {
                    "unit": "px",
                    "size": 0.25
                }
            },
            "elements": [
                {
                    "id": "7fdb7d4e",
                    "settings": {
                        "_column_size": 100,
                        "space_between_widgets": 0
                    },
                    "elements": [
                        {
                            "id": "443faf37",
                            "settings": {
                                "title": "Events",
                                "typography_typography": "custom",
                                "typography_font_size": {
                                    "unit": "px",
                                    "size": 96
                                },
                                "typography_text_transform": "uppercase",
                                "typography_letter_spacing": {
                                    "unit": "px",
                                    "size": 2
                                },
                                "text_shadow_text_shadow": {
                                    "horizontal": 0,
                                    "vertical": 3,
                                    "blur": 0,
                                    "color": "#262626"
                                },
                                "title_color": "#ffffff",
                                "_margin": {
                                    "unit": "px",
                                    "top": "0",
                                    "right": "0",
                                    "bottom": "-23",
                                    "left": "-20",
                                    "isLinked": false
                                },
                                "align_tablet": "right",
                                "align": "right",
                                "typography_font_size_mobile": {
                                    "unit": "px",
                                    "size": 56
                                },
                                "_margin_mobile": {
                                    "unit": "px",
                                    "top": "0",
                                    "right": "0",
                                    "bottom": "-15",
                                    "left": "0",
                                    "isLinked": false
                                }
                            },
                            "elements": [],
                            "isInner": false,
                            "widgetType": "heading",
                            "elType": "widget"
                        },
                        {
                            "id": "27b30cde",
                            "settings": {
                                "wp_gallery": [
                                    {
                                        "id": 80,
                                        "url": "https:\/\/wp.envatoextensions.com\/collection-11\/wp-content\/uploads\/sites\/14\/2018\/06\/cyril-saulnier-250098-unsplash-2.jpg"
                                    },
                                    {
                                        "id": 96,
                                        "url": "https:\/\/wp.envatoextensions.com\/collection-11\/wp-content\/uploads\/sites\/14\/2018\/06\/victor-freitas-549196-unsplash-2.jpg"
                                    },
                                    {
                                        "id": 84,
                                        "url": "https:\/\/wp.envatoextensions.com\/collection-11\/wp-content\/uploads\/sites\/14\/2018\/06\/emily-sea-198689-unsplash-2.jpg"
                                    },
                                    {
                                        "id": 85,
                                        "url": "https:\/\/wp.envatoextensions.com\/collection-11\/wp-content\/uploads\/sites\/14\/2018\/06\/justyn-warner-541680-unsplash-2.jpg"
                                    },
                                    {
                                        "id": 86,
                                        "url": "https:\/\/wp.envatoextensions.com\/collection-11\/wp-content\/uploads\/sites\/14\/2018\/06\/kyle-johnson-389070-unsplash-2.jpg"
                                    },
                                    {
                                        "id": 90,
                                        "url": "https:\/\/wp.envatoextensions.com\/collection-11\/wp-content\/uploads\/sites\/14\/2018\/06\/redd-angelo-14425-unsplash-2.jpg"
                                    },
                                    {
                                        "id": 91,
                                        "url": "https:\/\/wp.envatoextensions.com\/collection-11\/wp-content\/uploads\/sites\/14\/2018\/06\/scott-webb-22537-unsplash-2.jpg"
                                    },
                                    {
                                        "id": 92,
                                        "url": "https:\/\/wp.envatoextensions.com\/collection-11\/wp-content\/uploads\/sites\/14\/2018\/06\/sport-2245029_1920-2.jpg"
                                    },
                                    {
                                        "id": 95,
                                        "url": "https:\/\/wp.envatoextensions.com\/collection-11\/wp-content\/uploads\/sites\/14\/2018\/06\/victor-freitas-546919-unsplash-2.jpg"
                                    },
                                    {
                                        "id": 97,
                                        "url": "https:\/\/wp.envatoextensions.com\/collection-11\/wp-content\/uploads\/sites\/14\/2018\/06\/victor-freitas-570027-unsplash-2.jpg"
                                    },
                                    {
                                        "id": 98,
                                        "url": "https:\/\/wp.envatoextensions.com\/collection-11\/wp-content\/uploads\/sites\/14\/2018\/06\/victor-freitas-588466-unsplash-2.jpg"
                                    },
                                    {
                                        "id": 99,
                                        "url": "https:\/\/wp.envatoextensions.com\/collection-11\/wp-content\/uploads\/sites\/14\/2018\/06\/yoga-3053488_1920-2.jpg"
                                    }
                                ],
                                "thumbnail_size": "medium",
                                "gallery_columns": "4",
                                "image_spacing": "custom",
                                "image_border_border": "solid",
                                "image_border_width": {
                                    "unit": "px",
                                    "top": "7",
                                    "right": "7",
                                    "bottom": "35",
                                    "left": "7",
                                    "isLinked": false
                                },
                                "image_border_color": "#ffffff",
                                "text_color": "#7a7a7a",
                                "typography_typography": "custom",
                                "typography_font_size": {
                                    "unit": "px",
                                    "size": 13
                                },
                                "typography_font_weight": "400",
                                "typography_text_transform": "uppercase",
                                "_css_classes": "envato-kit-11-gallery_rotate-images"
                            },
                            "elements": [],
                            "isInner": false,
                            "widgetType": "image-gallery",
                            "elType": "widget"
                        }
                    ],
                    "isInner": false,
                    "elType": "column"
                }
            ],
            "isInner": false,
            "elType": "section"
        },
        {
            "id": "115acd25",
            "settings": {
                "background_background": "classic",
                "background_color": "#f5553b",
                "background_color_stop": {
                    "unit": "%",
                    "size": 76
                },
                "background_color_b": "#f5553b",
                "background_color_b_stop": {
                    "unit": "%",
                    "size": 0
                },
                "padding": {
                    "unit": "px",
                    "top": "0",
                    "right": "0",
                    "bottom": "100",
                    "left": "0",
                    "isLinked": false
                },
                "background_overlay_background": "classic",
                "background_overlay_attachment": "fixed",
                "background_overlay_size": "cover",
                "background_overlay_opacity": {
                    "unit": "px",
                    "size": 0.25
                }
            },
            "elements": [
                {
                    "id": "6cfde271",
                    "settings": {
                        "_column_size": 100,
                        "space_between_widgets": 0
                    },
                    "elements": [
                        {
                            "id": "1f5c03a5",
                            "settings": {
                                "title": "Classes",
                                "typography_typography": "custom",
                                "typography_font_size": {
                                    "unit": "px",
                                    "size": 96
                                },
                                "typography_text_transform": "uppercase",
                                "typography_letter_spacing": {
                                    "unit": "px",
                                    "size": 2
                                },
                                "text_shadow_text_shadow": {
                                    "horizontal": 0,
                                    "vertical": 3,
                                    "blur": 0,
                                    "color": "#262626"
                                },
                                "title_color": "#ffffff",
                                "_margin": {
                                    "unit": "px",
                                    "top": "0",
                                    "right": "0",
                                    "bottom": "-23",
                                    "left": "-20",
                                    "isLinked": false
                                },
                                "align_tablet": "right",
                                "align": "left",
                                "typography_font_size_mobile": {
                                    "unit": "px",
                                    "size": 56
                                },
                                "_margin_mobile": {
                                    "unit": "px",
                                    "top": "0",
                                    "right": "0",
                                    "bottom": "-15",
                                    "left": "0",
                                    "isLinked": false
                                }
                            },
                            "elements": [],
                            "isInner": false,
                            "widgetType": "heading",
                            "elType": "widget"
                        },
                        {
                            "id": "50e41963",
                            "settings": {
                                "wp_gallery": [
                                    {
                                        "id": 80,
                                        "url": "https:\/\/wp.envatoextensions.com\/collection-11\/wp-content\/uploads\/sites\/14\/2018\/06\/cyril-saulnier-250098-unsplash-2.jpg"
                                    },
                                    {
                                        "id": 96,
                                        "url": "https:\/\/wp.envatoextensions.com\/collection-11\/wp-content\/uploads\/sites\/14\/2018\/06\/victor-freitas-549196-unsplash-2.jpg"
                                    },
                                    {
                                        "id": 84,
                                        "url": "https:\/\/wp.envatoextensions.com\/collection-11\/wp-content\/uploads\/sites\/14\/2018\/06\/emily-sea-198689-unsplash-2.jpg"
                                    },
                                    {
                                        "id": 85,
                                        "url": "https:\/\/wp.envatoextensions.com\/collection-11\/wp-content\/uploads\/sites\/14\/2018\/06\/justyn-warner-541680-unsplash-2.jpg"
                                    },
                                    {
                                        "id": 86,
                                        "url": "https:\/\/wp.envatoextensions.com\/collection-11\/wp-content\/uploads\/sites\/14\/2018\/06\/kyle-johnson-389070-unsplash-2.jpg"
                                    },
                                    {
                                        "id": 90,
                                        "url": "https:\/\/wp.envatoextensions.com\/collection-11\/wp-content\/uploads\/sites\/14\/2018\/06\/redd-angelo-14425-unsplash-2.jpg"
                                    },
                                    {
                                        "id": 91,
                                        "url": "https:\/\/wp.envatoextensions.com\/collection-11\/wp-content\/uploads\/sites\/14\/2018\/06\/scott-webb-22537-unsplash-2.jpg"
                                    },
                                    {
                                        "id": 92,
                                        "url": "https:\/\/wp.envatoextensions.com\/collection-11\/wp-content\/uploads\/sites\/14\/2018\/06\/sport-2245029_1920-2.jpg"
                                    },
                                    {
                                        "id": 95,
                                        "url": "https:\/\/wp.envatoextensions.com\/collection-11\/wp-content\/uploads\/sites\/14\/2018\/06\/victor-freitas-546919-unsplash-2.jpg"
                                    },
                                    {
                                        "id": 97,
                                        "url": "https:\/\/wp.envatoextensions.com\/collection-11\/wp-content\/uploads\/sites\/14\/2018\/06\/victor-freitas-570027-unsplash-2.jpg"
                                    },
                                    {
                                        "id": 98,
                                        "url": "https:\/\/wp.envatoextensions.com\/collection-11\/wp-content\/uploads\/sites\/14\/2018\/06\/victor-freitas-588466-unsplash-2.jpg"
                                    },
                                    {
                                        "id": 99,
                                        "url": "https:\/\/wp.envatoextensions.com\/collection-11\/wp-content\/uploads\/sites\/14\/2018\/06\/yoga-3053488_1920-2.jpg"
                                    }
                                ],
                                "thumbnail_size": "medium",
                                "gallery_columns": "4",
                                "image_spacing": "custom",
                                "image_border_border": "solid",
                                "image_border_width": {
                                    "unit": "px",
                                    "top": "7",
                                    "right": "7",
                                    "bottom": "35",
                                    "left": "7",
                                    "isLinked": false
                                },
                                "image_border_color": "#ffffff",
                                "text_color": "#7a7a7a",
                                "typography_typography": "custom",
                                "typography_font_size": {
                                    "unit": "px",
                                    "size": 13
                                },
                                "typography_font_weight": "400",
                                "typography_text_transform": "uppercase",
                                "_css_classes": "envato-kit-11-gallery_rotate-images"
                            },
                            "elements": [],
                            "isInner": false,
                            "widgetType": "image-gallery",
                            "elType": "widget"
                        }
                    ],
                    "isInner": false,
                    "elType": "column"
                }
            ],
            "isInner": false,
            "elType": "section"
        },
        {
            "id": "1d5f1a88",
            "settings": {
                "content_width": {
                    "unit": "px",
                    "size": 700
                },
                "gap": "no",
                "custom_height": {
                    "unit": "px",
                    "size": 1200
                },
                "content_position": "middle",
                "padding": {
                    "unit": "px",
                    "top": "100",
                    "right": "0",
                    "bottom": "100",
                    "left": "0",
                    "isLinked": false
                },
                "padding_tablet": {
                    "unit": "px",
                    "top": "100",
                    "right": "25",
                    "bottom": "100",
                    "left": "25",
                    "isLinked": false
                },
                "padding_mobile": {
                    "unit": "px",
                    "top": "50",
                    "right": "20",
                    "bottom": "50",
                    "left": "20",
                    "isLinked": false
                },
                "background_background": "classic",
                "background_color": "#f9f9f9",
                "background_overlay_background": "gradient",
                "background_overlay_color": "#ffffff",
                "background_overlay_color_b": "rgba(255,255,255,0)",
                "background_overlay_gradient_type": "radial",
                "background_overlay_opacity": {
                    "unit": "px",
                    "size": 1
                }
            },
            "elements": [
                {
                    "id": "55b4889d",
                    "settings": {
                        "_column_size": 100,
                        "space_between_widgets": 5
                    },
                    "elements": [
                        {
                            "id": "78858457",
                            "settings": {
                                "title": "Call today",
                                "header_size": "h6",
                                "align": "center",
                                "title_color": "#16799e",
                                "typography_typography": "custom",
                                "typography_font_size": {
                                    "unit": "px",
                                    "size": 12
                                },
                                "typography_font_weight": "600",
                                "typography_text_transform": "uppercase",
                                "typography_letter_spacing": {
                                    "unit": "px",
                                    "size": 12
                                }
                            },
                            "elements": [],
                            "isInner": false,
                            "widgetType": "heading",
                            "elType": "widget"
                        },
                        {
                            "id": "2287039",
                            "settings": {
                                "title": "1300 000 000",
                                "align": "center",
                                "title_color": "#16799e",
                                "typography_typography": "custom",
                                "typography_font_size": {
                                    "unit": "px",
                                    "size": 74
                                },
                                "typography_font_weight": "900",
                                "typography_line_height": {
                                    "unit": "em",
                                    "size": 1
                                },
                                "typography_font_size_mobile": {
                                    "unit": "px",
                                    "size": 39
                                },
                                "header_size": "p",
                                "typography_font_size_tablet": {
                                    "unit": "px",
                                    "size": 79
                                },
                                "_animation": "fadeInUp"
                            },
                            "elements": [],
                            "isInner": false,
                            "widgetType": "heading",
                            "elType": "widget"
                        },
                        {
                            "id": "1707a8fa",
                            "settings": {
                                "title": "We\u2019re open 24\/7 at 121 King Street, Melbourne VIC 3000",
                                "header_size": "h3",
                                "align": "center",
                                "title_color": "#494949",
                                "typography_typography": "custom",
                                "typography_font_size": {
                                    "unit": "px",
                                    "size": 20
                                },
                                "typography_font_weight": "400",
                                "typography_font_size_mobile": {
                                    "unit": "px",
                                    "size": 20
                                }
                            },
                            "elements": [],
                            "isInner": false,
                            "widgetType": "heading",
                            "elType": "widget"
                        },
                        {
                            "id": "67fb2f6f",
                            "settings": {
                                "address": "121 King Street, Melbourne VIC 3000",
                                "zoom": {
                                    "unit": "px",
                                    "size": 18
                                },
                                "height": {
                                    "unit": "px",
                                    "size": 400
                                },
                                "_padding": {
                                    "unit": "px",
                                    "top": "0",
                                    "right": "0",
                                    "bottom": "0",
                                    "left": "0",
                                    "isLinked": false
                                },
                                "_padding_tablet": {
                                    "unit": "px",
                                    "top": "15",
                                    "right": "0",
                                    "bottom": "0",
                                    "left": "0",
                                    "isLinked": false
                                },
                                "_padding_mobile": {
                                    "unit": "px",
                                    "top": "15",
                                    "right": "0",
                                    "bottom": "0",
                                    "left": "0",
                                    "isLinked": false
                                },
                                "_margin": {
                                    "unit": "px",
                                    "top": "40",
                                    "right": "0",
                                    "bottom": "0",
                                    "left": "0",
                                    "isLinked": false
                                },
                                "_box_shadow_box_shadow_type": "yes",
                                "_box_shadow_box_shadow": {
                                    "horizontal": 0,
                                    "vertical": 3,
                                    "blur": 91,
                                    "spread": 0,
                                    "color": "rgba(0,0,0,0.15)"
                                }
                            },
                            "elements": [],
                            "isInner": false,
                            "widgetType": "google_maps",
                            "elType": "widget"
                        },
                        {
                            "id": "56d4d660",
                            "settings": {
                                "social_icon_list": [
                                    {
                                        "social": "fa fa-facebook",
                                        "_id": "9c86cde",
                                        "link": {
                                            "url": "",
                                            "is_external": "true",
                                            "nofollow": ""
                                        }
                                    },
                                    {
                                        "social": "fa fa-twitter",
                                        "_id": "7f0e5c7",
                                        "link": {
                                            "url": "",
                                            "is_external": "true",
                                            "nofollow": ""
                                        }
                                    },
                                    {
                                        "social": "fa fa-google-plus",
                                        "_id": "7e1d56b",
                                        "link": {
                                            "url": "",
                                            "is_external": "true",
                                            "nofollow": ""
                                        }
                                    },
                                    {
                                        "social": "fa fa-instagram",
                                        "link": {
                                            "url": "",
                                            "is_external": "true",
                                            "nofollow": ""
                                        },
                                        "_id": "7b9d1bc"
                                    },
                                    {
                                        "social": "fa fa-youtube",
                                        "link": {
                                            "url": "",
                                            "is_external": "true",
                                            "nofollow": ""
                                        },
                                        "_id": "1cfae18"
                                    },
                                    {
                                        "social": "fa fa-pinterest",
                                        "link": {
                                            "url": "",
                                            "is_external": "true",
                                            "nofollow": ""
                                        },
                                        "_id": "6b9a598"
                                    }
                                ],
                                "icon_color": "custom",
                                "icon_primary_color": "rgba(245,85,59,0)",
                                "icon_secondary_color": "#16799e",
                                "icon_size": {
                                    "unit": "px",
                                    "size": 18
                                },
                                "icon_spacing": {
                                    "unit": "px",
                                    "size": 20
                                },
                                "hover_secondary_color": "#f5553b",
                                "hover_animation": "grow",
                                "_padding": {
                                    "unit": "px",
                                    "top": "20",
                                    "right": "0",
                                    "bottom": "0",
                                    "left": "0",
                                    "isLinked": false
                                },
                                "icon_spacing_mobile": {
                                    "unit": "px",
                                    "size": 12
                                },
                                "_padding_mobile": {
                                    "unit": "px",
                                    "top": "15",
                                    "right": "0",
                                    "bottom": "0",
                                    "left": "0",
                                    "isLinked": false
                                }
                            },
                            "elements": [],
                            "isInner": false,
                            "widgetType": "social-icons",
                            "elType": "widget"
                        }
                    ],
                    "isInner": false,
                    "elType": "column"
                }
            ],
            "isInner": false,
            "elType": "section"
        }
    ]
}