{
    "version": "0.4",
    "title": "Popup",
    "type": "section",
    "metadata": {
        "template_type": "section",
        "elementor_pro_required": true,
        "wp_page_template": "default"
    },
    "content": [
        {
            "id": "f46e957",
            "settings": {
                "content_width": {
                    "unit": "px",
                    "size": 640
                },
                "gap": "no",
                "custom_height": {
                    "unit": "vh",
                    "size": 100
                },
                "padding_mobile": {
                    "unit": "px",
                    "top": "10",
                    "right": "10",
                    "bottom": "10",
                    "left": "10",
                    "isLinked": true
                },
                "layout": "full_width",
                "margin": {
                    "unit": "px",
                    "top": "0",
                    "right": 0,
                    "bottom": "0",
                    "left": 0,
                    "isLinked": false
                },
                "padding": {
                    "unit": "px",
                    "top": "0",
                    "right": "0",
                    "bottom": "0",
                    "left": "101",
                    "isLinked": false
                }
            },
            "elements": [
                {
                    "id": "74f9301",
                    "settings": {
                        "_column_size": 100,
                        "background_background": "classic",
                        "background_color": "#f5553b",
                        "border_radius": {
                            "unit": "px",
                            "top": "20",
                            "right": "20",
                            "bottom": "20",
                            "left": "20",
                            "isLinked": true
                        },
                        "box_shadow_box_shadow_type": "yes",
                        "box_shadow_box_shadow": {
                            "horizontal": 0,
                            "vertical": 32,
                            "blur": 58,
                            "spread": 0,
                            "color": "rgba(0,0,0,0.08)"
                        },
                        "margin_mobile": {
                            "unit": "%",
                            "top": "26",
                            "right": "0",
                            "bottom": "0",
                            "left": "0",
                            "isLinked": false
                        }
                    },
                    "elements": [
                        {
                            "id": "10ae3df5",
                            "settings": {
                                "gap": "wider",
                                "height_inner": "min-height",
                                "custom_height_inner": {
                                    "unit": "px",
                                    "size": 300
                                },
                                "content_position": "middle",
                                "structure": "20"
                            },
                            "elements": [
                                {
                                    "id": "461317db",
                                    "settings": {
                                        "_column_size": 50,
                                        "_inline_size": 55.313000000000002
                                    },
                                    "elements": [
                                        {
                                            "id": "16c20fca",
                                            "settings": {
                                                "image": {
                                                    "url": "https:\/\/wp.envatoextensions.com\/collection-11\/wp-content\/uploads\/sites\/14\/2018\/06\/dumbell-3435964-isolated.png",
                                                    "id": 151
                                                },
                                                "_margin": {
                                                    "unit": "%",
                                                    "top": "0",
                                                    "right": "-26",
                                                    "bottom": "0",
                                                    "left": "-40",
                                                    "isLinked": false
                                                },
                                                "_margin_tablet": {
                                                    "unit": "%",
                                                    "top": "0",
                                                    "right": "-27",
                                                    "bottom": "0",
                                                    "left": "-25",
                                                    "isLinked": false
                                                },
                                                "_margin_mobile": {
                                                    "unit": "%",
                                                    "top": "-49",
                                                    "right": "-13",
                                                    "bottom": "-6",
                                                    "left": "-13",
                                                    "isLinked": false
                                                },
                                                "_z_index": 1
                                            },
                                            "elements": [],
                                            "isInner": false,
                                            "widgetType": "image",
                                            "elType": "widget"
                                        }
                                    ],
                                    "isInner": true,
                                    "elType": "column"
                                },
                                {
                                    "id": "1142771b",
                                    "settings": {
                                        "_column_size": 50,
                                        "_inline_size": 44.686999999999998
                                    },
                                    "elements": [
                                        {
                                            "id": "34373b49",
                                            "settings": {
                                                "title": "Do it!",
                                                "align": "left",
                                                "typography_typography": "custom",
                                                "typography_font_family": "Rubik Mono One",
                                                "header_size": "p",
                                                "title_color": "#ffffff",
                                                "typography_font_size": {
                                                    "unit": "px",
                                                    "size": 96
                                                },
                                                "typography_letter_spacing": {
                                                    "unit": "px",
                                                    "size": -1
                                                },
                                                "align_mobile": "center",
                                                "typography_line_height": {
                                                    "unit": "em",
                                                    "size": 0.80000000000000004
                                                }
                                            },
                                            "elements": [],
                                            "isInner": false,
                                            "widgetType": "heading",
                                            "elType": "widget"
                                        },
                                        {
                                            "id": "24175d05",
                                            "settings": {
                                                "title": "Make 2019 your year",
                                                "align": "left",
                                                "typography_typography": "custom",
                                                "typography_font_family": "Rubik",
                                                "typography_font_size": {
                                                    "unit": "px",
                                                    "size": 18
                                                },
                                                "typography_font_weight": "400",
                                                "typography_text_transform": "uppercase",
                                                "typography_letter_spacing": {
                                                    "unit": "px",
                                                    "size": 1.2
                                                },
                                                "title_color": "#ffffff",
                                                "align_mobile": "center",
                                                "_z_index": 2
                                            },
                                            "elements": [],
                                            "isInner": false,
                                            "widgetType": "heading",
                                            "elType": "widget"
                                        },
                                        {
                                            "id": "5f00b4e",
                                            "settings": {
                                                "text": "Join now",
                                                "align": "justify",
                                                "typography_typography": "custom",
                                                "typography_font_size": {
                                                    "unit": "px",
                                                    "size": 15
                                                },
                                                "typography_font_weight": "600",
                                                "typography_text_transform": "uppercase",
                                                "button_text_color": "#262626",
                                                "background_color": "#ffffff",
                                                "hover_color": "#ffffff",
                                                "button_background_hover_color": "#0e1622",
                                                "border_radius": {
                                                    "unit": "px",
                                                    "top": "100",
                                                    "right": "100",
                                                    "bottom": "100",
                                                    "left": "100",
                                                    "isLinked": true
                                                },
                                                "text_padding": {
                                                    "unit": "px",
                                                    "top": "15",
                                                    "right": "45",
                                                    "bottom": "15",
                                                    "left": "45",
                                                    "isLinked": false
                                                },
                                                "align_mobile": "justify",
                                                "_margin": {
                                                    "unit": "px",
                                                    "top": "20",
                                                    "right": "0",
                                                    "bottom": "0",
                                                    "left": "0",
                                                    "isLinked": false
                                                }
                                            },
                                            "elements": [],
                                            "isInner": false,
                                            "widgetType": "button",
                                            "elType": "widget"
                                        }
                                    ],
                                    "isInner": true,
                                    "elType": "column"
                                }
                            ],
                            "isInner": true,
                            "elType": "section"
                        }
                    ],
                    "isInner": false,
                    "elType": "column"
                }
            ],
            "isInner": false,
            "elType": "section"
        }
    ],
    "page_settings": {
        "width": {
            "unit": "px",
            "size": 746
        },
        "entrance_animation": "bounceIn",
        "entrance_animation_duration": {
            "unit": "px",
            "size": 0.5
        },
        "background_background": "classic",
        "background_color": "rgba(0,0,0,0)",
        "border_radius": {
            "unit": "px",
            "size": 25
        },
        "box_shadow_box_shadow_type": "",
        "close_button_hover_color": "#e7e7e7",
        "margin": {
            "unit": "px",
            "top": "0",
            "right": "0",
            "bottom": "0",
            "left": "-50",
            "isLinked": false
        }
    }
}